frameIndex;frameTime;pcm_fftMag_mfcc[1];pcm_fftMag_mfcc[2];pcm_fftMag_mfcc[3];pcm_fftMag_mfcc[4];pcm_fftMag_mfcc[5];pcm_fftMag_mfcc[6];pcm_fftMag_mfcc[7];pcm_fftMag_mfcc[8];pcm_fftMag_mfcc[9];pcm_fftMag_mfcc[10];pcm_fftMag_mfcc[11];pcm_fftMag_mfcc[12];pcm_LOGenergy;pcm_fftMag_mfcc_de[1];pcm_fftMag_mfcc_de[2];pcm_fftMag_mfcc_de[3];pcm_fftMag_mfcc_de[4];pcm_fftMag_mfcc_de[5];pcm_fftMag_mfcc_de[6];pcm_fftMag_mfcc_de[7];pcm_fftMag_mfcc_de[8];pcm_fftMag_mfcc_de[9];pcm_fftMag_mfcc_de[10];pcm_fftMag_mfcc_de[11];pcm_fftMag_mfcc_de[12];pcm_LOGenergy_de;pcm_fftMag_mfcc_de_de[1];pcm_fftMag_mfcc_de_de[2];pcm_fftMag_mfcc_de_de[3];pcm_fftMag_mfcc_de_de[4];pcm_fftMag_mfcc_de_de[5];pcm_fftMag_mfcc_de_de[6];pcm_fftMag_mfcc_de_de[7];pcm_fftMag_mfcc_de_de[8];pcm_fftMag_mfcc_de_de[9];pcm_fftMag_mfcc_de_de[10];pcm_fftMag_mfcc_de_de[11];pcm_fftMag_mfcc_de_de[12];pcm_LOGenergy_de_de
0;0.000000;-7.280026e+000;1.812195e+001;2.678966e+001;1.364493e+001;2.222075e+001;2.997106e+001;1.783564e+001;2.988397e+001;4.574140e+000;1.577546e+001;2.613079e+001;1.614117e+001;-1.420863e+001;-7.175401e+000;7.626057e-003;2.039222e+000;-5.616600e+000;5.899073e-001;-3.473795e-001;-2.416340e+000;-2.111324e+000;5.589800e+000;5.580070e+000;2.092379e-001;1.344924e-001;4.510688e-001;-5.102897e-001;1.413735e-001;-1.034538e+000;-6.419027e-001;7.475547e-001;-3.807163e-001;1.446971e-001;2.309084e-001;-1.867493e+000;-1.831581e+000;3.336104e-002;2.634052e-001;7.653826e-002
1;0.009994;-1.830101e+001;2.272189e+001;3.672169e+001;-6.227386e+000;1.453756e+001;1.724399e+001;5.383938e+000;1.472226e+001;2.010471e+001;2.658457e+001;2.464279e+001;1.311703e+001;-1.345875e+001;-9.298288e+000;7.202415e-002;6.718119e-001;-7.654704e+000;2.789158e+000;-4.311038e-001;-1.908663e+000;-1.064643e+000;3.620575e+000;2.883909e+000;-2.966484e-001;1.698412e+000;6.608915e-001;3.835301e-001;-1.069260e-001;-2.069871e+000;1.492295e-002;8.607548e-001;-6.375271e-001;5.958752e-001;2.927766e-001;-3.254556e+000;-3.204493e+000;1.076833e-001;4.137792e-001;5.400991e-002
2;0.019989;-3.764654e+001;1.586012e+001;3.201975e+001;-4.501915e+000;2.901189e+001;3.459770e+001;1.197979e+001;2.690820e+001;2.475785e+001;3.827125e+001;2.792098e+001;1.832570e+001;-1.232822e+001;-8.665405e+000;6.822947e-001;-2.449764e+000;-7.807062e+000;3.228055e+000;-2.209099e+000;-1.946694e+000;-1.480123e+000;-2.763051e+000;-2.229758e+000;6.289862e-001;6.695584e-001;7.288488e-001;1.683778e+000;-4.047597e-001;-2.278896e+000;8.476294e-001;-8.374225e-002;-1.261415e+000;1.412762e-001;-7.667621e-001;-3.306338e+000;-3.533522e+000;-3.496616e-001;-4.802980e-001;-1.028132e-003
3;0.029983;-3.858821e+001;1.961299e+001;2.753367e+001;-1.555517e+001;3.277098e+001;2.550222e+001;1.122025e+001;2.604864e+001;1.258516e+001;1.894710e+001;2.375245e+001;2.354096e+001;-1.184437e+001;-4.512748e+000;-8.643384e-001;-6.065640e+000;-4.446754e+000;3.574608e+000;-2.604155e+000;3.282124e-001;-9.630419e-001;-6.506555e+000;-6.537480e+000;5.377802e-001;1.935855e+000;5.822284e-001;2.351429e+000;-9.172760e-001;-1.663700e+000;1.969548e+000;-1.545407e+000;-1.139921e+000;-3.247378e-001;-1.065309e+000;-1.192006e+000;-1.690660e+000;-7.916076e-001;-1.208782e+000;-5.480684e-002
4;0.039977;-4.046345e+001;2.308788e+001;1.913485e+001;-2.072649e+001;2.924432e+001;1.479645e+001;5.184014e+000;1.682017e+001;-5.481339e+000;8.445398e+000;2.972089e+001;1.427699e+001;-1.137157e+001;-1.149283e+000;-1.547991e+000;-5.986533e+000;-2.982428e+000;-2.215287e-001;-5.567928e+000;-2.828397e+000;-5.995935e+000;-5.878323e+000;-7.376846e+000;-1.956285e+000;-2.385719e+000;4.852597e-001;1.896564e+000;-1.034735e+000;-2.774964e-001;2.363982e+000;-2.233699e+000;2.738303e-001;-1.001734e-002;-9.749649e-002;1.677138e+000;8.399842e-001;-1.255006e+000;-8.349891e-001;-5.922411e-002
5;0.049971;-3.945629e+001;1.478632e+001;1.283594e+001;-2.034887e+001;3.229438e+001;1.412384e+001;1.042289e+001;1.495107e+001;2.691528e+000;8.810095e+000;2.643174e+001;2.482066e+001;-1.102593e+001;-1.299204e+000;-3.399213e+000;-5.878304e+000;-2.192800e-001;-3.213086e+000;-4.451293e+000;-3.091500e+000;-4.133279e+000;-7.818189e-001;-2.995845e+000;-2.962051e+000;-2.817860e+000;5.086519e-001;8.429807e-001;-8.034150e-002;1.215278e+000;1.903188e+000;-1.895443e+000;1.745140e+000;6.903929e-001;1.060144e+000;2.742116e+000;2.224683e+000;-8.413336e-001;-7.448822e-001;-3.739171e-002
6;0.059966;-4.295892e+001;1.053350e+001;9.435949e+000;-1.701720e+001;2.814254e+001;1.244726e+001;-1.763518e+000;2.477305e+000;3.130541e-001;6.455519e+000;1.679992e+001;5.757264e+000;-1.031114e+001;-7.893547e-001;-3.223943e+000;-3.930915e+000;1.899110e+000;-4.546591e+000;8.362190e-002;-2.869241e-001;-3.824865e-001;2.760273e+000;1.993450e-001;-3.896126e+000;-1.128529e+000;4.695165e-001;3.053219e-001;8.089205e-001;1.810158e+000;1.504030e+000;7.689045e-002;2.832647e+000;2.376060e+000;2.242076e+000;1.884139e+000;2.174618e+000;1.063644e+000;1.039908e+000;-5.100537e-002
7;0.069960;-4.383650e+001;8.894118e+000;2.991604e+000;-1.850621e+001;1.725644e+001;4.420353e+000;-7.634859e-001;1.255367e+001;5.778866e+000;4.962820e+000;1.540269e+001;1.371153e+001;-9.831324e+000;-4.778080e-001;-4.280699e-001;-1.017059e+000;2.628418e+000;-3.740077e+000;3.295773e+000;2.509440e+000;1.530955e+000;2.884727e+000;7.978371e-001;-2.698967e+000;-2.417151e+000;4.031414e-001;3.559932e-001;1.279194e+000;1.935102e+000;8.340324e-001;2.160004e+000;2.555020e+000;2.451527e+000;1.256151e+000;-1.000153e-001;5.654529e-001;2.303948e+000;1.284430e+000;-7.702811e-002
8;0.079954;-4.222012e+001;9.914259e+000;4.402443e+000;-1.215227e+001;1.403034e+001;2.006630e+001;9.342580e+000;1.610643e+001;6.776356e+000;1.136576e+001;1.575479e+001;1.418891e+001;-9.621290e+000;-3.337174e-002;1.011039e+000;6.336323e-001;3.113872e+000;4.264188e-001;4.721775e+000;6.251432e+000;2.382329e+000;1.709101e+000;1.599403e+000;3.230392e+000;2.613467e+000;2.829881e-001;1.421962e-001;7.587838e-001;1.380762e+000;5.090449e-001;2.396774e+000;5.833046e-001;6.963935e-001;3.244736e-001;-6.127838e-001;-6.392056e-001;1.981559e+000;1.036008e+000;-8.000828e-002
9;0.089948;-4.221473e+001;1.295559e+001;1.026740e+001;-9.639249e+000;2.065010e+001;2.679318e+001;1.741704e+001;1.579128e+001;1.388351e+001;1.034416e+001;1.345947e+001;8.519079e+000;-9.355149e+000;1.027706e-001;8.792669e-001;1.514932e+000;3.343502e+000;5.100428e+000;6.004731e+000;5.896956e+000;7.650668e-001;-7.563095e-001;-8.686088e-001;4.994430e+000;1.733293e+000;2.167755e-001;-6.862632e-002;-2.236600e-001;5.542103e-001;5.638876e-001;1.118255e+000;-9.992532e-001;-1.530297e+000;-3.195412e-001;-6.967196e-001;-8.539369e-001;4.778653e-001;7.830241e-001;-7.479308e-002
10;0.099943;-4.393666e+001;1.355796e+001;8.966213e+000;-5.881326e+000;2.857780e+001;2.486972e+001;2.040338e+001;1.277014e+001;4.806236e+000;1.176187e+001;3.392349e+001;2.142082e+001;-9.134291e+000;-3.686630e-001;-8.369265e-002;1.706902e+000;4.086793e+000;3.017027e+000;1.645666e+000;1.501286e+000;1.622826e+000;1.516872e+000;-2.163460e+000;2.164970e+000;1.976291e+000;1.626580e-001;-9.532265e-002;-5.709749e-001;8.149438e-002;1.753233e-001;-8.685101e-001;-1.668432e+000;-2.639472e+000;-8.429268e-001;-4.184690e-001;-2.496948e-001;-1.761623e+000;-4.435058e-001;-6.431731e-002
11;0.109937;-4.246437e+001;1.146860e+001;8.284379e+000;-4.924177e+000;3.548484e+001;3.204230e+001;2.319090e+001;1.804715e+001;2.982378e+000;4.217234e-001;3.129049e+001;1.876204e+001;-8.990946e+000;-6.532940e-001;-9.990040e-001;1.217358e+000;4.961395e+000;5.558935e-001;-1.624388e-001;-2.766971e+000;3.130005e-001;-5.027562e-001;-1.590415e+000;2.230703e-001;1.816558e+000;8.934107e-002;3.282159e-001;-2.371695e-001;9.399682e-002;-4.071292e-001;-1.690784e+000;-1.786670e+000;-2.686641e+000;-2.028809e+000;-1.331693e+000;-8.965926e-002;-2.499876e+000;-6.490324e-001;-5.631643e-002
12;0.119931;-4.393861e+001;1.023929e+001;1.392846e+001;5.924158e+000;2.169810e+001;2.567007e+001;1.396208e+001;2.309263e+001;1.981128e+001;5.509677e+000;1.766413e+001;1.894889e+001;-8.990102e+000;-1.319527e-001;-9.046994e-001;1.189891e+000;3.181541e+000;-1.643864e+000;-5.368000e-001;-2.613963e+000;-1.606272e+000;-5.100209e-001;7.118323e-001;-3.192044e+000;3.543054e-001;2.511873e-002;1.557270e+000;5.226282e-001;-1.700612e-002;-2.049653e+000;-1.369744e+000;-1.425185e+000;-2.436665e+000;-3.975640e+000;-3.154110e+000;-1.145356e+000;-2.879288e+000;-1.845517e+000;4.900742e-003
13;0.129925;-4.548022e+001;9.619904e+000;1.387306e+001;9.264986e+000;2.686942e+001;2.558081e+001;6.802837e+000;1.219504e+001;3.867209e+000;5.518177e+000;2.270450e+001;1.883783e+001;-8.980538e+000;1.625495e+000;1.039229e-001;2.243421e+000;1.760481e+000;-1.023046e+000;-1.837384e+000;-5.478623e+000;-7.764430e+000;-6.401329e+000;-2.754551e+000;-4.826442e+000;-7.008759e-001;3.962994e-003;3.313868e+000;2.612965e-001;-6.070451e-001;-2.692041e+000;-1.974535e+000;-2.451455e+000;-2.362257e+000;-2.793654e+000;-1.584760e+000;-1.097520e+000;-3.517844e+000;-2.469456e+000;1.492084e-001
14;0.139920;-4.308850e+001;9.958811e+000;1.212133e+001;2.931799e+000;2.466619e+001;2.541647e+001;1.552760e+001;7.664834e+000;1.813716e+000;1.277280e+001;2.225626e+001;2.315445e+001;-9.013901e+000;6.278294e+000;1.977985e+000;1.108839e+000;-4.561015e+000;-3.042225e+000;-4.642785e+000;-9.326213e+000;-1.421666e+001;-1.130439e+001;-7.308172e+000;-9.706717e+000;-5.992579e+000;2.298508e-001;3.820001e+000;-1.133567e+000;-1.879405e+000;-1.795530e+000;-2.700718e+000;-3.314904e+000;-1.914490e+000;1.644654e-001;1.828332e+000;5.693529e-001;-2.914441e+000;-2.276583e+000;3.028251e-001
15;0.149914;-3.476196e+001;1.212846e+001;2.040505e+001;5.374407e+000;2.888557e+001;2.298218e+001;-4.984980e+000;-1.306111e+001;-2.002549e+001;-1.698259e+001;4.862209e+000;1.315488e+001;-8.959231e+000;1.271092e+001;-1.133864e+000;-1.777341e+000;-4.627532e+000;-8.617601e+000;-1.036672e+001;-1.122213e+001;-7.350077e+000;-3.029370e+000;-3.068012e+000;-1.410881e+001;-7.357282e+000;7.330171e-001;2.221361e+000;-2.874224e+000;-3.373856e+000;-6.047828e-001;-2.974801e+000;-2.292789e+000;1.020032e+000;4.435771e+000;5.915578e+000;3.813639e+000;-1.147604e+000;-2.580915e-001;3.382872e-001
16;0.159908;-1.790627e+001;1.887494e+001;1.620666e+001;-1.493563e+001;5.478906e+000;3.755459e+000;-2.677508e+001;-3.536260e+001;-2.476433e+001;-1.978080e+001;-2.194831e+001;-8.172531e+000;-7.851501e+000;1.342534e+001;-5.953642e+000;-6.196752e+000;-2.602101e+000;-1.135018e+001;-1.284665e+001;-9.314661e+000;-9.911218e-001;6.945658e+000;3.715327e+000;-1.312306e+001;-7.700408e+000;1.174717e+000;-1.021475e+000;-3.264684e+000;-2.789855e+000;1.315918e+000;-6.014322e-001;1.259759e-001;4.539343e+000;6.547450e+000;5.834946e+000;4.415494e+000;1.685792e+000;3.187660e+000;1.540066e-001
17;0.169903;5.483264e+000;-5.074778e-001;2.943689e+000;-4.938961e+000;-6.624939e+000;-1.542229e+001;-2.815646e+001;-3.041629e+000;2.009384e+000;6.454918e+000;-2.573728e+001;-2.285086e+000;-5.896652e+000;9.158779e+000;-1.030138e+001;-1.097307e+001;-2.242890e+000;-1.174308e+001;-9.199395e+000;-3.842390e-001;7.801655e+000;1.405153e+001;1.080189e+001;-8.856289e+000;-1.137419e+000;1.222966e+000;-3.931432e+000;-8.610523e-001;-6.075174e-001;1.119525e+000;2.349426e+000;2.508822e+000;6.158450e+000;3.531282e+000;3.727199e-001;1.130659e+000;3.359646e+000;4.266206e+000;-1.798870e-001
18;0.179897;3.915583e+000;-1.349143e+001;-1.013175e+001;-4.922020e+000;-1.432944e+001;-1.961455e+001;-1.945997e+001;-2.300514e+000;2.552457e+001;1.963068e+001;-2.805932e+001;-7.627603e+000;-4.671604e+000;2.946990e+000;-9.761675e+000;-8.242572e+000;8.262562e-001;-4.486649e+000;-4.596568e+000;7.951558e+000;1.094472e+001;9.329885e+000;7.834349e+000;-3.904018e+000;6.835790e+000;7.549096e-001;-4.113387e+000;1.942673e+000;1.786618e+000;5.367593e-001;3.513610e+000;2.839082e+000;4.902608e+000;2.281062e-001;-4.917058e+000;-2.311473e+000;3.276985e+000;3.630019e+000;-4.284157e-001
19;0.189891;1.210108e-001;-2.319527e+001;-2.129107e+001;-1.084685e+001;-1.992563e+001;-1.132979e+001;-1.056373e+001;9.416124e+000;2.508773e+001;1.732114e+001;-3.636374e+001;7.195319e+000;-4.434351e+000;-1.707062e+000;-3.535109e+000;-3.792018e+000;-7.440862e-001;-3.022345e-001;-1.947651e+000;1.093701e+001;4.338408e+000;-2.357884e+000;5.257730e-001;-1.920108e+000;6.705649e+000;4.348583e-002;-2.622395e+000;3.503658e+000;3.162790e+000;2.070616e-001;2.671438e+000;1.642120e+000;1.362536e+000;-2.561178e+000;-6.327931e+000;-3.929578e+000;2.871272e+000;6.517008e-001;-4.411573e-001
20;0.199885;-4.901972e-001;-1.858954e+001;-1.288882e+001;-7.850404e+000;-1.030399e+001;-2.127363e+001;4.186345e+000;1.313214e+001;1.034592e+001;1.395784e+001;-3.615518e+001;2.126621e+001;-4.808104e+000;-1.708673e+000;3.765875e-001;-8.541881e-001;-6.677063e-001;4.974504e-001;-2.277112e+000;9.537752e+000;1.881032e+000;-9.434922e+000;-2.703978e+000;-2.062313e-001;6.528151e+000;-3.776212e-001;-8.911937e-001;2.686217e+000;2.151387e+000;-3.860744e-001;-2.781611e-001;9.148470e-001;-2.110484e+000;-2.911293e+000;-3.315152e+000;-2.653364e+000;2.240557e+000;-2.034747e+000;-2.368873e-001
21;0.209880;-8.491583e-001;-1.563397e+001;-1.463787e+001;-7.195200e+000;-1.014884e+001;-2.433101e+001;1.470543e+001;1.093409e+001;-2.190712e+000;1.192020e+001;-3.128989e+001;1.679625e+001;-5.610973e+000;-1.625365e+000;2.147779e+000;1.146690e+000;-4.606008e-001;-8.779360e-001;-2.148525e+000;5.635346e+000;-4.723886e-001;-8.205716e+000;-3.576834e+000;3.651176e+000;2.274904e+000;-4.165556e-001;2.370317e-001;6.759310e-001;9.633481e-001;-7.004906e-002;-2.118885e+000;7.147723e-001;-3.721703e+000;-1.574300e+000;7.588885e-001;-5.418345e-001;1.909443e+000;-2.529430e+000;2.711628e-002
22;0.219874;-4.142695e+000;-1.538915e+001;-1.772929e+001;-1.008637e+001;-1.673059e+001;-2.449950e+001;1.559421e+001;6.345665e+000;-8.010815e+000;8.811254e+000;-3.162739e+001;2.021268e+001;-5.971399e+000;-1.549827e+000;8.279654e-001;4.501152e-002;-1.245858e+000;-5.589603e+000;7.810440e-002;4.996812e-002;-1.206342e+000;-4.321961e+000;-3.381166e+000;4.513123e+000;-1.122571e+000;-1.995063e-001;7.251641e-001;-3.033015e-001;6.020671e-001;3.613058e-001;-2.109965e+000;1.205827e+000;-3.364297e+000;-8.124393e-001;3.099097e+000;8.550347e-001;1.797667e+000;-2.539375e+000;1.712455e-001
23;0.229868;-6.179565e+000;-1.405657e+001;-1.313738e+001;-1.203186e+001;-2.110201e+001;-2.045948e+001;1.190907e+001;1.044742e+001;-6.762481e+000;2.010258e+000;-2.037174e+001;1.909661e+001;-5.935482e+000;-6.013266e-001;-3.811428e-001;5.751225e-001;-8.052554e-001;-7.853131e+000;4.486023e-001;-2.927614e+000;-1.989404e+000;-1.119922e+000;-1.844806e+000;5.267429e+000;-2.116140e+000;9.000979e-002;1.108162e+000;-4.482086e-001;5.889744e-001;8.002899e-001;-8.731160e-001;1.007370e+000;-1.796348e+000;-6.397652e-001;3.271631e+000;1.439576e+000;1.408774e+000;-1.560319e+000;1.719655e-001
24;0.239862;-5.574131e+000;-1.523841e+001;-1.341400e+001;-1.166136e+001;-3.277542e+001;-2.281887e+001;5.834368e+000;7.343761e+000;-8.977998e+000;2.006982e+000;-1.904864e+001;1.450319e+001;-5.643381e+000;1.405128e+000;1.245407e-001;2.441931e+000;1.311150e+000;-6.564775e+000;2.453459e+000;-3.002252e+000;-1.422657e+000;2.517666e+000;7.051811e-001;7.973979e+000;-3.973203e+000;2.253234e-001;1.259191e+000;2.599659e-002;6.445507e-001;1.597731e+000;3.528378e-001;6.675171e-001;-1.871011e-002;-1.050338e+000;2.900220e+000;1.088333e+000;1.574613e+000;-3.972703e-001;9.015711e-002
25;0.249857;-3.140074e+000;-1.761505e+001;-1.391990e+001;-1.043398e+001;-4.139208e+001;-2.292831e+001;4.947285e+000;4.880221e-001;-7.306732e+000;6.098309e+000;-1.124213e+001;9.070304e+000;-5.324934e+000;2.437968e+000;2.584484e-001;2.893102e+000;2.262345e+000;-4.755930e+000;1.700649e+000;-1.820286e+000;-3.563057e+000;4.732624e+000;1.577874e+000;8.964617e+000;-4.101374e+000;2.308570e-001;8.700765e-001;3.360086e-001;3.205054e-001;1.727797e+000;6.800269e-001;3.239814e-001;7.432281e-001;-1.234078e+000;2.088219e+000;3.277282e-001;1.241552e+000;4.153253e-001;5.077490e-003
26;0.259851;1.363201e+000;-1.298720e+001;-5.128378e+000;-4.329565e+000;-3.940943e+001;-1.099779e+001;4.063844e+000;4.212079e+000;4.849644e+000;1.029313e+001;3.677695e+000;5.359821e+000;-5.150056e+000;3.226479e+000;6.381527e-001;2.108775e+000;5.208998e+000;-5.374015e+000;2.789667e+000;-5.972463e-001;-5.671203e+000;7.252865e+000;3.491579e-001;1.053759e+001;-2.116305e+000;1.808556e-001;4.496336e-003;2.014827e-001;-6.263459e-002;7.436973e-001;4.246630e-001;-8.043348e-001;3.573806e-001;-1.259713e+000;5.201074e-001;1.044942e-001;-5.324383e-002;9.920880e-001;-3.259113e-002
27;0.269845;2.541607e+000;-1.388993e+001;-2.814682e+000;-4.386041e+000;-4.156466e+001;-1.786677e+001;3.692898e+000;-5.802027e+000;9.986819e+000;5.756551e+000;1.308817e+001;3.161417e+000;-5.027859e+000;2.838381e+000;1.042094e+000;2.344227e+000;5.884805e+000;-5.048377e+000;1.900406e+000;-4.139764e-001;-6.035520e+000;6.953576e+000;-2.815351e-002;1.019338e+001;-9.679621e-001;1.376311e-001;-8.663856e-001;4.323356e-001;3.349380e-001;-7.833349e-001;8.050808e-001;-1.202055e+000;-3.381996e-001;5.076981e-002;-7.524186e-001;4.789112e-001;-1.451888e+000;6.904712e-001;-4.531081e-002
28;0.279839;7.717421e+000;-1.391021e+001;-8.422733e+000;1.135965e+001;-5.955920e+001;-1.140131e+001;3.475330e+000;-1.786723e+001;1.863955e+001;3.923651e+000;2.147417e+001;6.876105e+000;-4.887640e+000;1.227403e+000;7.401310e-001;2.403195e+000;3.218407e+000;-4.295237e+000;-1.668093e+000;-1.918504e+000;-6.484990e+000;4.007727e+000;2.030666e+000;7.093377e+000;-5.794694e-001;1.089807e-001;-1.732454e+000;8.543159e-001;9.445660e-001;-2.902064e+000;1.829462e+000;-1.753139e+000;-1.788730e-001;1.634859e+000;-1.522176e+000;2.946782e-001;-3.249088e+000;-1.333333e-001;-6.747466e-002
29;0.289834;7.874722e+000;-1.194308e+001;-5.515842e-001;1.114543e+001;-5.655908e+001;-1.322453e+001;3.171659e+000;-1.864992e+001;2.056619e+001;9.142282e+000;3.082655e+001;3.472351e+000;-4.767986e+000;-8.944224e-001;2.369137e+000;4.420582e+000;-6.590340e-001;-1.269916e+000;-2.080746e+000;-2.850655e+000;-2.902315e+000;2.593100e+000;3.131676e+000;3.427284e+000;-1.417436e+000;4.024043e-002;-1.885734e+000;1.232653e+000;6.136239e-001;-3.331773e+000;1.806978e+000;-7.540312e-001;1.207825e+000;2.159953e+000;-1.467630e+000;-1.155038e+000;-4.428620e+000;-2.418466e-001;-1.175702e-001
30;0.299828;4.833661e+000;-1.025998e+001;5.756050e+000;3.996733e+000;-5.338840e+001;-2.165938e+001;-5.268056e+000;-2.178892e+001;1.959859e+001;1.875360e+001;3.027539e+001;2.307007e+000;-4.735089e+000;-3.569390e+000;4.246211e+000;5.793428e+000;-6.029401e+000;1.884064e+000;-3.985455e+000;-2.732721e-001;9.364882e-001;1.822223e+000;2.426345e-001;-2.324796e+000;-2.558234e+000;-1.078224e-001;-1.310696e+000;1.129021e+000;-1.397263e-001;-2.118085e+000;1.353948e+000;9.650175e-001;2.579055e+000;1.991731e+000;-1.383909e+000;-2.764010e+000;-4.174364e+000;-1.673323e-001;-1.691189e-001
31;0.309822;-4.886246e-001;-3.869362e+000;1.219884e+001;-3.999750e+000;-5.099964e+001;-2.314146e+001;-6.188686e+000;-1.835275e+001;2.247280e+001;1.399996e+001;2.582398e+001;-1.641213e+000;-4.902932e+000;-4.191892e+000;5.452320e+000;3.717230e+000;-6.150157e+000;8.968613e-001;-7.110695e-001;4.802532e+000;1.053508e+000;7.081776e-001;-4.909327e+000;-7.240633e+000;-1.187813e+000;-3.418185e-001;-2.633336e-001;1.780868e-002;-1.035802e+000;-4.528291e-001;6.924028e-001;1.511781e+000;2.231416e+000;7.161545e-001;-2.061318e+000;-2.635721e+000;-2.643008e+000;-1.862405e-001;-1.703094e-001
32;0.319816;-5.947854e+000;3.283990e+000;1.416920e+001;-1.121476e+001;-5.291860e+001;-2.637011e+001;6.789142e+000;-1.333337e+001;2.679736e+001;2.707986e+000;1.235147e+001;-3.358285e+000;-5.359279e+000;-3.677344e+000;4.843646e+000;2.056240e+000;-4.626455e+000;1.391116e+000;2.472157e+000;7.150178e+000;1.495752e+000;-1.969359e+000;-7.768884e+000;-8.444482e+000;-1.530943e+000;-5.455844e-001;7.551037e-001;-1.140817e+000;-1.240402e+000;1.141915e+000;4.278541e-001;1.476317e+000;-1.420219e-001;2.155559e-002;-2.633165e+000;-7.770315e-001;-6.413188e-002;-3.976884e-001;-9.976050e-002
33;0.329811;-7.693982e+000;8.546541e+000;1.382799e+001;-1.199961e+001;-5.230968e+001;-1.442451e+001;2.115572e+001;-1.761016e+001;2.050769e+001;-7.381545e+000;3.585341e+000;3.659334e-001;-6.164983e+000;-2.157113e+000;2.159463e+000;1.110166e+000;-3.624652e+000;2.438572e+000;2.249353e+000;4.594702e+000;3.988253e-001;-5.817699e+000;-6.041172e+000;-6.727911e+000;-2.862284e+000;-5.924255e-001;1.096195e+000;-1.655523e+000;-9.666993e-001;1.725690e+000;3.968194e-001;-2.376981e-002;-2.568983e+000;5.421184e-002;-1.949838e+000;7.822407e-001;2.063460e+000;-8.203212e-001;1.775116e-002
34;0.339805;-9.950381e+000;7.750298e+000;1.522267e+001;-1.513562e+001;-4.577780e+001;-1.365707e+001;1.681063e+001;-1.468146e+001;1.073435e+001;-9.400076e+000;-8.276949e-001;-6.351279e+000;-6.831986e+000;-8.112606e-001;1.885543e-001;8.949493e-001;-1.582579e+000;3.252479e+000;1.915918e+000;-8.794668e-001;1.371608e+000;-8.080662e+000;-3.076600e+000;-2.901817e+000;-3.709441e+000;-4.813214e-001;1.025736e+000;-1.088495e+000;-1.177857e+000;1.927314e+000;4.640192e-002;-8.835691e-001;-3.030534e+000;-5.586296e-001;-1.458762e-001;1.015858e+000;2.359683e+000;-2.063714e-001;1.028178e-001
35;0.349799;-9.272927e+000;4.694800e+000;1.722293e+001;-2.016258e+001;-4.237717e+001;-1.825122e+001;1.177408e+001;-1.568458e+001;1.415811e+000;-1.015187e+001;-1.225992e+000;-1.445614e+001;-7.128706e+000;-1.439608e-001;-4.977489e-001;-5.356210e-001;9.563524e-001;1.950277e+000;-5.517994e-001;-4.027560e+000;1.386640e+000;-5.985363e+000;-3.344265e+000;3.053336e-001;-4.200170e+000;-2.851942e-001;7.669817e-001;4.518032e-006;-1.408513e+000;2.051989e+000;2.603254e-001;-6.901206e-001;-1.767197e+000;-1.256924e+000;2.133352e+000;4.828687e-001;1.006252e+000;8.777063e-001;1.069666e-001
36;0.359794;-9.214684e+000;6.152632e+000;1.694647e+001;-1.504617e+001;-4.162245e+001;-1.487716e+001;7.082630e+000;-7.438121e+000;-4.060001e+000;-1.128985e+001;2.480521e-001;-1.449446e+001;-7.284025e+000;4.447595e-001;7.297744e-001;-3.010151e+000;2.719614e+000;1.867274e+000;-5.451126e-001;-3.691360e+000;-1.791303e+000;-2.614908e+000;-4.038045e+000;-1.626894e-001;-1.893857e+000;-1.851111e-001;5.617242e-001;5.530018e-001;-1.142732e+000;1.377818e+000;1.249092e+000;-9.442345e-001;-4.408847e-001;-1.586647e+000;2.855255e+000;3.172005e-001;-9.864559e-001;1.403294e+000;5.413701e-002
37;0.369788;-8.781634e+000;6.856629e+000;1.028799e+001;-7.262570e+000;-4.463596e+001;-1.657346e+001;5.881921e+000;-1.429863e+001;-2.021946e+000;-2.315798e+001;4.574136e+000;-1.656333e+001;-7.364935e+000;1.049785e+000;1.888876e+000;-3.979848e+000;4.484199e+000;4.432802e+000;2.926559e-002;-2.835335e+000;-4.304339e+000;2.116184e+000;-3.146106e+000;-3.066215e+000;6.184553e-001;-2.056978e-001;4.488891e-001;3.203660e-001;-1.332058e-001;2.961358e-001;2.108603e+000;-1.172135e+000;-8.689928e-003;-7.187250e-001;1.844660e+000;1.144708e+000;-1.999558e+000;1.084029e+000;-3.461212e-004
38;0.379782;-7.972230e+000;1.031825e+001;3.639391e+000;-7.987554e+000;-3.531204e+001;-1.722152e+001;1.299909e+000;-2.433096e+001;-6.213155e-001;-2.308724e+001;-4.541206e+000;-1.476697e+001;-7.639427e+000;1.400488e+000;1.760251e+000;-3.096599e+000;3.542586e+000;8.256675e+000;-3.095787e+000;-3.680003e+000;-3.716138e+000;2.144839e+000;-1.589678e+000;-6.148322e+000;8.977191e-001;-2.503846e-001;2.109680e-001;-5.235789e-001;7.294019e-001;-6.531463e-001;1.380470e+000;-1.567546e+000;-7.456701e-002;9.881293e-001;5.816683e-001;1.998360e+000;-1.078399e+000;1.589876e-002;2.657572e-002
39;0.389776;-4.645230e+000;1.205637e+001;3.977232e+000;-1.270895e+000;-2.336837e+001;-1.693271e+001;4.887614e-001;-2.875986e+001;1.027739e+001;-1.998370e+001;-1.416244e+001;-1.122760e+001;-7.979494e+000;1.622621e+000;5.888430e-001;-1.158426e+000;2.025545e+000;9.298592e+000;-5.137136e+000;-4.076689e+000;-1.244568e+000;8.580618e-001;1.155089e+000;-6.699641e+000;-1.758116e-001;-2.542881e-001;-1.208572e-001;-1.236336e+000;6.312137e-001;-1.608089e+000;-6.462563e-001;-1.205278e+000;1.478533e-001;2.163996e+000;-8.580276e-002;2.819511e+000;7.360286e-001;-1.025083e+000;1.466831e-001
40;0.399771;-4.280448e+000;1.235402e+001;4.618857e+000;-3.290749e-001;-1.097288e+001;-3.017647e+001;-8.620803e+000;-1.878819e+001;5.145240e-001;-2.082538e+001;-2.112527e+001;-1.267372e+001;-8.228668e+000;1.213182e+000;-1.238104e+000;-7.738516e-001;6.832091e-001;6.336727e+000;-5.799643e+000;-3.443519e+000;1.619457e+000;9.224948e-001;3.803157e+000;-3.737970e+000;-1.417230e+000;-2.793736e-002;-1.411131e-001;-1.622867e+000;-2.018189e-001;-1.765618e+000;-2.387710e+000;6.737145e-001;1.008313e+000;1.994736e+000;1.283328e+000;3.442036e+000;2.337391e+000;-9.245539e-001;2.745352e-001
41;0.409765;-2.514421e+000;8.782964e+000;4.006123e+000;-9.640833e-001;-1.031259e+001;-3.578166e+001;-9.541167e+000;-2.329285e+001;1.700443e+000;-1.851347e+001;-2.063204e+001;-1.848901e+001;-8.341755e+000;5.391517e-001;-2.793629e+000;-1.985153e+000;-2.126560e+000;2.161494e+000;-4.645198e+000;-2.214311e+000;3.847845e+000;2.298343e+000;8.255031e+000;-5.912483e-001;-3.349487e+000;4.164940e-001;-5.104817e-002;-1.605944e+000;-1.371999e+000;-1.356132e+000;-2.462705e+000;2.207093e+000;1.097433e+000;1.278350e+000;2.336712e+000;2.362950e+000;2.036129e+000;1.219072e-001;2.996423e-001
42;0.419759;-2.971725e+000;5.764439e+000;-2.443123e-001;-4.724914e+000;-1.015630e+001;-3.679526e+001;-1.090272e+001;-1.896718e+001;8.279633e+000;-4.806578e+000;-1.999626e+001;-1.822242e+001;-7.597983e+000;1.236657e+000;-4.662848e+000;-3.692330e+000;-3.209453e+000;-1.133249e-001;2.681694e-002;4.303726e-001;3.711334e+000;7.841338e+000;1.207053e+001;2.484437e+000;-2.138213e+000;7.869006e-001;9.019263e-002;-9.659460e-001;-1.612344e+000;-2.217491e-001;-9.527146e-001;2.967836e+000;8.073503e-001;-3.442328e-002;1.834116e+000;-5.986714e-001;8.165317e-001;1.273372e+000;1.378350e-001
43;0.429753;-2.603833e+000;1.383012e+000;-3.516947e+000;-9.705777e+000;-1.296919e+001;-3.684931e+001;-9.441834e+000;-9.431147e+000;1.788655e+001;1.328205e+001;-1.768319e+001;-2.520069e+001;-6.212366e+000;1.355643e+000;-5.728507e+000;-6.559180e+000;-2.808786e+000;2.100904e-001;2.985098e+000;-5.264674e-001;4.101245e+000;9.082202e+000;8.836149e+000;3.698025e-001;7.942162e-001;8.365042e-001;1.195312e-002;9.622045e-002;-9.411813e-001;9.789004e-001;4.164027e-001;2.878083e+000;6.377387e-001;-1.539141e+000;-4.612897e-001;-3.590547e+000;-1.536125e-001;1.794634e+000;-1.376388e-001
44;0.439748;1.947541e+000;-7.260245e+000;-1.008126e+001;-1.200549e+001;-1.021120e+001;-2.950856e+001;-6.518606e+000;-7.162375e+000;3.162816e+001;2.362954e+001;-1.017751e+001;-2.000895e+001;-5.358860e+000;1.255899e+000;-4.600395e+000;-6.548556e+000;-8.442392e-002;2.548856e+000;5.224389e+000;-2.506891e-001;1.320640e+000;6.701147e+000;5.192409e-001;-1.358376e-001;2.877780e+000;4.512327e-001;-3.485515e-001;1.387970e+000;2.705275e-001;1.118351e+000;7.887610e-001;2.013012e+000;4.495705e-001;-2.276024e+000;-3.488609e+000;-4.340533e+000;1.179873e-002;6.663193e-001;-3.221258e-001
45;0.449742;1.804158e+000;-1.334723e+001;-2.387131e+001;-1.136772e+001;-9.234684e+000;-2.449952e+001;-1.436556e+001;-8.689026e+000;3.543719e+001;1.144922e+001;-2.369240e+001;-1.362466e+001;-5.278796e+000;5.892958e-001;-2.343753e+000;-5.262946e+000;1.205427e+000;2.912417e+000;7.146428e+000;1.314914e+000;-2.652513e+000;5.619896e-001;-3.922056e+000;-4.917317e-002;3.115684e+000;-1.038660e-001;-3.034441e-001;2.125977e+000;1.324752e+000;3.388634e-001;2.806750e-001;1.516666e+000;6.607074e-001;-2.495802e+000;-4.444448e+000;-1.828276e+000;2.035384e+000;-8.243802e-001;-3.052681e-001
46;0.459736;1.103776e+000;-9.872416e+000;-2.280991e+001;-4.316061e+000;7.207336e-001;-1.684821e+001;-9.694303e+000;-1.273504e+001;3.301004e+001;-1.293960e+000;-1.767084e+001;-9.621531e+000;-5.808605e+000;-1.229277e-001;5.846244e-001;-2.987809e+000;3.751976e-001;2.479316e+000;8.011212e+000;1.757534e+000;-4.291905e+000;-5.341601e+000;-3.253030e+000;2.752919e+000;3.264961e-002;-3.535433e-001;8.110330e-002;1.831564e+000;1.059856e+000;-9.792467e-001;-8.828147e-001;5.136716e-001;2.356938e-002;-1.832974e+000;-3.708522e+000;1.149283e+000;2.717429e+000;-1.284929e+000;-1.187668e-001
47;0.469730;7.645283e-001;-9.029667e+000;-2.346735e+001;-7.523356e+000;-3.873072e+000;-7.447348e+000;-1.279419e+000;-1.990738e+001;2.000555e+001;6.133517e+000;-1.418239e+001;-1.481598e+001;-6.506824e+000;5.278358e-001;2.308870e+000;-1.715794e+000;-1.344280e+000;1.648235e+000;9.175016e+000;1.772958e+000;-5.571491e+000;-7.118665e+000;1.580906e+000;9.102346e+000;-1.905120e+000;-2.874483e-001;6.922293e-001;1.073172e+000;7.036885e-001;-1.469434e+000;-1.487138e+000;-7.615560e-001;-5.587288e-001;-1.299431e+000;-1.981603e+000;1.974141e+000;1.978351e+000;2.383492e-001;8.097352e-002
48;0.479725;1.852717e+000;-6.495903e+000;-2.522228e+001;-1.205169e+001;-4.954224e-001;2.021418e+000;-4.274005e+000;-2.301272e+001;1.263597e+001;1.002224e+001;-1.167921e+000;-1.925004e+001;-6.512562e+000;1.692146e+000;2.231112e+000;-3.022853e+000;-3.705804e+000;-1.233126e+000;6.778452e+000;-3.618643e-001;-6.384741e+000;-8.001139e+000;3.514175e+000;8.875546e+000;-1.036463e+000;-5.081000e-002;1.184559e+000;2.343091e-001;1.054010e+000;-1.216659e+000;-1.984720e+000;-1.308486e+000;-2.317677e-001;-1.194737e+000;-6.908731e-001;9.826909e-001;-2.085291e-001;2.449772e+000;1.359648e-001
49;0.489719;4.068866e+000;-3.491133e+000;-3.124409e+001;-1.422131e+001;-3.854294e-001;1.194075e+001;-8.210922e+000;-3.140764e+001;1.003090e+001;1.369565e+001;1.356787e+001;-1.833601e+001;-6.364059e+000;3.142905e+000;2.198861e+000;-1.726982e+000;-4.101242e+000;-2.667053e+000;3.955028e+000;-4.190312e-001;-8.103251e+000;-8.016257e+000;2.565046e+000;6.781267e+000;4.841987e+000;1.496350e-001;1.034732e+000;2.003848e-001;2.423205e+000;-6.889350e-001;-2.042519e+000;-1.095206e+000;5.223814e-001;2.615795e-001;5.962314e-002;-6.909828e-001;-3.280756e+000;2.703939e+000;5.516196e-002
50;0.499713;7.912337e+000;-1.486121e+000;-3.403581e+001;-1.949611e+001;-7.188719e+000;7.350000e+000;-8.037872e+000;-3.890862e+001;-2.008320e+000;1.249585e+001;1.283176e+001;-1.304383e+001;-6.134037e+000;4.492330e+000;1.811174e+000;2.287833e+000;-4.329618e+000;-5.286637e+000;4.078774e+000;1.694690e+000;-8.999713e+000;-8.347171e+000;1.168355e+000;2.870813e+000;8.907957e+000;1.077393e-001;2.575628e-001;8.849443e-001;3.691234e+000;1.157636e-001;-1.586745e+000;-4.236655e-001;5.044831e-001;2.802348e+000;1.743395e+000;-1.571724e+000;-5.133437e+000;-3.299256e-001;-9.206982e-002
51;0.509708;1.344924e+001;-5.402522e-001;-2.769550e+001;-2.430736e+001;-1.386169e+001;9.663500e+000;-1.492641e+000;-5.247569e+001;-1.275359e+001;1.772194e+001;1.272411e+001;6.290852e+000;-5.947911e+000;4.301404e+000;3.520763e+000;7.744887e+000;-4.477048e+000;-6.537604e+000;5.048823e+000;3.356587e+000;-2.956107e+000;-6.647533e+000;-7.010978e-001;-4.299069e+000;6.642367e+000;-9.091315e-002;-6.782738e-001;1.288413e+000;3.046339e+000;5.307269e-001;-7.939525e-001;-5.938357e-001;-1.022933e+000;5.237138e+000;2.954565e+000;-1.753266e+000;-5.467009e+000;-4.220981e+000;-1.786197e-001
52;0.519702;1.962418e+001;1.084528e+000;-1.555742e+001;-2.865675e+001;-2.019048e+001;2.355391e+001;8.403072e-001;-5.747726e+001;-1.770764e+001;1.385087e+001;1.360803e+001;1.297631e+001;-6.181940e+000;2.400710e+000;5.994883e+000;1.069738e+001;-2.939083e+000;-7.231578e+000;4.113227e+000;2.727421e-001;5.053424e+000;3.147502e-002;-2.711373e+000;-1.125147e+001;-3.586282e+000;-3.908850e-001;-1.307067e+000;1.079174e+000;8.510620e-001;7.256738e-001;4.095685e-001;-1.640975e+000;-2.774739e+000;5.663126e+000;2.868866e+000;-1.178369e+000;-3.869502e+000;-4.864114e+000;-1.365951e-001
53;0.529696;1.971996e+001;1.282736e+001;-1.758852e+000;-3.202623e+001;-2.657257e+001;2.908291e+001;4.132925e+000;-3.690385e+001;-1.535711e+001;9.512651e+000;-8.315609e+000;1.865760e+000;-6.794673e+000;7.973460e-001;6.549072e+000;9.299940e+000;-2.142874e+000;-5.664346e+000;9.686230e-001;-4.822724e+000;1.105587e+001;2.567242e+000;-4.261418e+000;-1.349264e+001;-1.001580e+001;-4.941511e-001;-1.235641e+000;8.391066e-002;-1.370125e+000;3.852296e-001;1.052029e+000;-2.122131e+000;-2.827134e+000;3.151216e+000;1.178573e+000;-2.823626e-001;-3.526855e-001;-1.537777e+000;-8.176999e-003
54;0.539690;1.678053e+001;2.180449e+001;6.482773e+000;-3.033209e+001;-3.699117e+001;1.820643e+001;-9.486945e+000;-2.142741e+001;-5.491848e-001;3.043631e+000;-3.290572e+001;-2.876269e+001;-7.665081e+000;-2.909774e-001;5.692887e+000;5.765616e+000;-1.868335e+000;-3.675424e+000;-2.085998e+000;-8.089350e+000;1.230993e+001;1.389773e+000;-2.943332e+000;-1.187991e+001;-7.083533e+000;-3.736172e-001;-7.456299e-001;-9.451407e-001;-2.433593e+000;-4.936892e-001;1.149889e+000;-1.129586e+000;7.665992e-004;-4.683076e-001;-1.572324e+000;8.593790e-001;3.000132e+000;3.191667e+000;1.302076e-001
55;0.549685;1.885780e+001;2.184513e+001;7.784108e+000;-3.418406e+001;-3.378307e+001;1.718036e+001;-2.044263e+001;-1.522125e+001;-8.496603e+000;1.818472e+000;-3.148219e+001;-2.291863e+001;-7.677096e+000;-5.309582e-001;4.091314e+000;3.360144e+000;-3.086274e+000;-3.055536e+000;-2.462219e+000;-6.598036e+000;9.171721e+000;-1.433819e+000;-1.996931e+000;-5.748275e+000;7.021072e-001;-1.404321e-001;-5.436465e-001;-1.400153e+000;-2.667015e+000;-4.096448e-001;4.994928e-001;8.846746e-002;3.467340e+000;-3.082031e+000;-2.171946e+000;1.450174e+000;3.645842e+000;4.826577e+000;1.758515e-001
56;0.559679;1.860037e+001;2.504008e+001;8.499183e+000;-3.691951e+001;-3.496235e+001;1.907520e+001;-2.731866e+001;-6.768916e+000;-1.418902e+001;2.981301e+000;-3.420823e+001;-1.004915e+001;-7.608814e+000;-6.632869e-001;2.498058e+000;1.499315e+000;-4.935829e+000;-2.786540e+000;1.807178e-001;1.164231e+000;3.653963e+000;-5.829615e+000;4.532785e-001;-1.229877e-001;7.013101e+000;8.329358e-002;-3.479021e-001;-1.791531e+000;-2.829799e+000;4.125264e-001;3.142721e-001;6.980141e-001;5.231911e+000;-3.480350e+000;-1.339263e+000;8.101268e-001;2.801369e+000;3.200568e+000;1.596195e-001
57;0.569673;1.615525e+001;3.166613e+001;1.403366e+001;-4.416388e+001;-4.286466e+001;1.633743e+001;-1.994140e+001;1.625503e+000;-1.570628e+001;-4.408405e-001;-3.640573e+001;-3.980475e+000;-7.524967e+000;-1.734731e+000;1.145722e+000;-1.901981e+000;-2.657351e+000;-3.611324e+000;2.776023e-001;7.887183e+000;-2.629800e-002;-4.682791e+000;1.291148e+000;-1.141888e+000;7.068770e+000;1.566510e-001;-6.449110e-002;-2.435705e+000;-3.045294e+000;1.651403e+000;6.081380e-001;4.370560e-001;4.005055e+000;-1.909459e+000;-3.413679e-001;-4.710857e-002;1.698833e+000;1.119654e-001;1.319858e-001
58;0.579667;1.481537e+001;2.938428e+001;1.085457e+001;-5.002132e+001;-4.638308e+001;1.953148e+001;-3.916407e+000;-1.158098e+001;-2.609242e+001;6.439680e+000;-3.105889e+001;-3.166266e+000;-7.324677e+000;-1.428602e+000;-1.791970e+000;-5.752316e+000;-2.016449e-002;-1.826170e+000;3.416162e-002;1.082759e+001;-4.928127e-001;-3.682054e+000;-5.367376e-001;-1.762600e-001;5.735973e+000;2.759389e-001;2.041566e-001;-2.576673e+000;-2.692441e+000;2.378520e+000;1.345832e+000;-9.032636e-001;2.924134e-001;5.732617e-001;8.938166e-001;-8.817129e-001;2.024250e+000;-2.234471e+000;1.184269e-001
59;0.589662;1.207665e+001;2.540164e+001;-2.903492e+000;-4.091991e+001;-4.612933e+001;1.834023e+001;7.292156e+000;-1.294671e+001;-2.595886e+001;6.545022e+000;-3.876631e+001;8.983770e+000;-7.035909e+000;-4.707564e-001;-5.942198e+000;-8.240512e+000;2.712911e+000;-4.950314e-001;-2.036611e-001;8.595558e+000;1.697815e+000;-4.214439e+000;-1.737466e+000;2.772524e+000;1.900498e+000;4.231741e-001;4.982848e-001;-2.070122e+000;-1.413510e+000;1.824805e+000;2.517535e+000;-2.043617e+000;-3.412580e+000;2.008831e+000;1.295892e+000;-5.585395e-001;4.476327e+000;-3.300631e+000;1.182427e-001
60;0.599656;1.349667e+001;1.921247e+001;-1.179382e+001;-3.864232e+001;-4.246086e+001;1.824461e+001;1.320253e+001;-1.946872e+000;-2.747300e+001;-3.195318e+000;-3.390924e+001;1.214859e+001;-6.473649e+000;-2.744914e-001;-6.841348e+000;-8.793622e+000;4.271642e+000;2.384472e+000;-4.094968e+000;2.272111e+000;5.658215e+000;-1.594708e+000;-2.440979e+000;8.041058e+000;-1.575119e+000;5.421666e-001;4.521299e-001;-9.404466e-001;-2.027207e-001;1.217434e+000;3.396204e+000;-2.860217e+000;-5.542044e+000;1.085294e+000;2.309926e+000;9.327108e-001;5.417363e+000;-2.964217e+000;8.586013e-002
61;0.609650;1.446082e+001;7.041044e+000;-1.584470e+001;-3.628883e+001;-4.730093e+001;1.596256e+001;1.447692e+001;5.297525e+000;-3.608819e+001;-4.310672e+000;-2.111794e+001;-2.135414e+000;-5.834611e+000;1.796376e-001;-6.680201e+000;-7.448881e+000;4.320771e+000;6.871032e+000;-7.875920e+000;-4.897977e+000;6.942342e+000;7.529947e-001;-5.494286e-001;1.713109e+001;-5.778840e+000;6.147507e-001;4.614645e-001;4.396042e-001;5.562253e-001;1.249016e+000;4.067460e+000;-2.153903e+000;-5.131486e+000;-6.195840e-001;3.290516e+000;2.342080e+000;4.273624e+000;-7.621762e-001;3.051620e-002
62;0.619644;1.225082e+001;4.357836e+000;-2.664293e+001;-3.097865e+001;-3.387492e+001;2.454720e-001;3.851765e+000;7.587978e+000;-2.900130e+001;-3.373671e-001;3.222094e-001;-5.482270e+000;-5.214493e+000;5.068508e-001;-6.125202e+000;-7.161736e+000;5.263077e+000;1.147182e+001;-1.043079e+001;-1.013586e+001;2.311391e+000;5.383861e+000;3.532798e+000;1.973128e+001;-5.245443e+000;6.094512e-001;4.529422e-001;8.507898e-001;1.012131e+000;6.968247e-001;2.973478e+000;2.465779e-001;-3.020612e+000;-1.842498e+000;2.203398e+000;2.839839e+000;4.625158e-001;1.105215e+000;-3.463574e-002
63;0.629639;1.359776e+001;-5.720477e-001;-3.272334e+001;-2.314789e+001;-1.606714e+001;-1.203981e+001;-1.252235e+001;1.699757e+001;-2.142974e+001;2.368904e+000;2.977340e+001;-1.109500e+001;-4.591733e+000;1.445895e+000;-4.102251e+000;-6.275329e+000;8.462274e+000;1.529859e+001;-7.805265e+000;-1.085789e+001;2.733067e-001;8.748855e+000;6.986047e+000;1.829554e+001;-7.522106e-002;5.421127e-001;2.267520e-001;1.182060e+000;1.480868e+000;-3.286257e-001;7.595885e-001;2.466004e+000;-4.917154e-001;-1.113294e+000;5.580736e-001;1.827301e+000;-4.457072e+000;2.158384e+000;-1.025407e-001
64;0.639633;1.646245e+001;-7.606992e+000;-3.916318e+001;-1.889740e+001;-7.186527e-001;-1.990816e+001;-2.397713e+001;3.760062e+000;-7.882924e+000;1.112888e+001;3.930147e+001;-9.598833e+000;-4.047832e+000;1.357091e+000;-3.876374e+000;-4.319741e+000;5.685014e+000;1.303808e+001;-2.897406e+000;-9.850995e+000;-2.197565e-001;5.424354e+000;7.990479e+000;9.771412e+000;1.099147e+000;4.053069e-001;-4.093309e-002;1.206569e+000;1.955657e+000;-1.601414e+000;-1.753291e+000;2.847311e+000;1.151668e+000;7.056640e-001;-9.887301e-001;-2.703163e-001;-7.038425e+000;1.329843e+000;-1.530815e-001
65;0.649627;1.958448e+001;-7.487795e+000;-4.096122e+001;-1.808381e-002;1.261391e+001;-1.298695e+001;-2.589805e+001;8.578017e+000;-2.903102e+000;2.488644e+001;5.087011e+001;-4.532371e-001;-3.707379e+000;8.882778e-001;-1.894312e+000;-1.465537e+000;2.466674e+000;9.885843e+000;6.874065e-001;-7.498987e+000;2.641445e+000;3.523116e+000;6.358237e+000;-1.743420e-001;1.840786e+000;2.041194e-001;-3.324482e-001;7.472205e-001;1.518311e+000;-2.342016e+000;-3.735354e+000;8.971534e-001;1.645638e+000;3.828992e-001;-7.975634e-001;-2.144699e+000;-7.357757e+000;-2.192466e-001;-1.659555e-001
66;0.659622;1.604292e+001;-1.156616e+001;-4.412270e+001;-1.411848e+001;1.697498e+001;-1.376799e+001;-3.871535e+001;1.069897e+001;-1.114285e+001;2.835626e+001;3.863091e+001;-5.307414e+000;-3.630136e+000;5.809940e-001;-1.196326e+000;2.116528e-001;2.538058e-001;5.411742e+000;-4.405724e-001;-6.056967e+000;4.655643e+000;3.053079e+000;2.495122e+000;-6.225912e+000;4.457694e-001;1.304057e-002;-3.010672e-001;6.116466e-001;6.010717e-001;-8.249680e-001;-3.551761e+000;-1.187790e+000;1.896423e+000;-7.237810e-001;8.469443e-001;-2.521708e+000;-4.507772e+000;-6.301507e-001;-1.275794e-001
67;0.669616;1.824891e+001;-8.064024e+000;-3.757127e+001;-1.320398e+001;2.451526e+001;-1.167286e+001;-4.264817e+001;2.673534e+001;-2.184200e+000;2.554640e+001;2.923697e+001;-4.036776e+000;-3.779984e+000;1.717022e-001;-1.706172e+000;-9.494697e-001;-5.322006e-001;4.349935e-001;-4.547915e+000;-4.526708e+000;-2.498967e-001;5.946675e+000;-9.897703e-001;-1.049459e+001;-8.447649e-001;-9.153144e-002;-3.352289e-001;3.404129e-001;-3.548926e-001;3.949281e-001;-2.259300e+000;-1.886837e+000;1.536914e+000;-1.675517e+000;9.845527e-001;-1.385942e+000;-9.116780e-001;-8.866903e-001;-5.337482e-002
68;0.679610;2.003521e+001;-1.330051e+001;-3.979990e+001;-1.103543e+001;2.038938e+001;-2.276807e+001;-4.588691e+001;1.795961e+001;7.023020e+000;2.327451e+001;1.898848e+001;-5.578217e+000;-3.946326e+000;2.100425e-001;-9.122111e-001;-1.572417e+000;3.059612e+000;4.701060e-003;-6.218694e+000;-1.855019e+000;-2.392991e+000;8.447296e+000;-9.440557e-001;-7.607328e+000;-7.088305e-001;-8.476460e-002;-4.017510e-001;4.832553e-001;-1.462080e-001;6.924287e-001;-4.363020e-001;-6.691960e-001;1.174375e+000;-9.001126e-001;-4.205351e-002;3.263797e-001;1.643937e+000;-7.577344e-001;1.101266e-002
69;0.689604;1.844685e+001;-1.515148e+001;-4.786997e+001;-4.220613e+000;1.308167e+001;-3.122648e+001;-4.494582e+001;3.698214e+000;1.774734e+001;2.247846e+001;8.218401e+000;-4.541660e+000;-4.006941e+000;-6.023906e-001;-3.343054e-001;-2.347965e+000;3.038412e+000;1.292866e+000;-5.857716e+000;-1.915393e+000;-2.211824e+000;5.748771e+000;1.148116e+000;-4.042024e+000;-2.015366e+000;-1.385212e-002;-3.711194e-001;4.015918e-001;9.969815e-001;-1.415237e-002;4.892973e-001;5.304239e-001;8.223228e-001;1.004436e+000;-1.672777e+000;8.681114e-001;2.775226e+000;-4.283215e-001;2.830068e-002
70;0.699599;1.699416e+001;-1.258349e+001;-4.683543e+001;-3.312105e+000;2.271528e+001;-3.508465e+001;-4.684163e+001;1.025258e+001;2.112786e+001;2.516995e+001;1.110356e+001;-8.599125e+000;-3.940480e+000;-1.040715e+000;5.340170e-001;1.798607e-001;1.930643e+000;2.801296e+000;-3.131652e+000;-1.490751e+000;1.136043e+000;2.941764e+000;3.058077e+000;-1.232509e+000;-2.757602e+000;2.926419e-002;-2.474575e-001;-9.425437e-002;1.759876e+000;-9.095270e-001;-7.919641e-001;6.660749e-001;9.212803e-001;1.416331e+000;-2.470494e+000;-1.698027e-001;2.051169e+000;3.863958e-001;-6.071054e-003
71;0.709593;1.675748e+001;-1.009406e+001;-4.579333e+001;-1.873579e+000;2.981665e+001;-3.480315e+001;-5.174778e+001;1.952974e+001;1.950723e+001;3.033926e+001;1.296931e+001;-1.260315e+001;-3.852167e+000;-1.058516e+000;-4.213268e-001;3.159299e+000;-3.847826e-002;1.483183e+000;-3.439317e+000;-5.972275e-001;3.007767e+000;3.355570e-001;1.349721e+000;1.941369e-001;-1.961987e+000;-7.042432e-003;6.395395e-002;-3.953378e-001;1.897727e+000;-3.587515e-001;-2.443398e+000;3.446739e-002;1.597485e+000;1.078682e+000;-1.827185e+000;-1.594116e+000;8.567410e-001;1.513564e+000;-5.308910e-002
72;0.719587;1.567632e+001;-1.315913e+001;-3.993892e+001;-2.555729e+000;2.602837e+001;-3.663799e+001;-4.993969e+001;1.572407e+001;2.085189e+001;3.463449e+001;1.045048e+001;-1.533548e+001;-3.877392e+000;-7.991823e-001;-1.339972e+000;4.473329e+000;5.042167e-002;-4.050278e+000;-4.097519e+000;2.092300e+000;2.078871e+000;-1.198565e+000;-1.893871e+000;5.304351e-001;1.196459e+000;-1.185247e-001;1.878304e-001;-2.672504e-001;1.091014e+000;8.325192e-001;-3.031226e+000;-6.040656e-001;1.504751e+000;7.007877e-001;-8.929870e-001;-2.299277e+000;-5.165749e-002;1.651778e+000;-7.564287e-002
73;0.729581;1.381319e+001;-1.697029e+001;-3.552173e+001;-4.791193e+000;1.884104e+001;-4.764639e+001;-4.638292e+001;1.600131e+001;1.956311e+001;2.449480e+001;9.515624e+000;-1.098341e+001;-4.073697e+000;-4.033870e-001;-1.374000e+000;4.993936e+000;2.184765e+000;-7.498335e+000;-5.202445e+000;4.280505e+000;2.710170e+000;-1.316988e+000;-4.346492e+000;-6.397911e-001;3.575425e+000;-2.054032e-001;1.699951e-001;3.479971e-001;6.762589e-001;1.772452e+000;-2.033943e+000;3.299911e-001;9.782333e-001;2.955701e-001;-2.646895e-001;-1.305815e+000;-1.114330e-001;5.997580e-001;-7.045376e-002
74;0.739576;1.447040e+001;-1.584524e+001;-2.960458e+001;-1.601189e+000;7.951694e+000;-4.915062e+001;-3.906255e+001;2.241115e+001;1.510710e+001;1.862283e+001;1.548258e+001;-3.426699e+000;-4.422339e+000;-4.291270e-001;-3.258982e-001;4.717612e+000;4.981617e+000;-7.864074e+000;-5.270415e+000;3.594139e+000;4.788779e+000;-6.968988e-001;-5.590203e+000;-1.073833e+000;2.732582e+000;-2.497698e-001;-5.956269e-002;7.340465e-001;6.212007e-001;1.212984e+000;-3.454811e-001;1.445547e+000;4.696605e-001;-6.683627e-001;-8.043990e-001;-1.885355e-001;5.729960e-001;-8.455676e-001;-6.417409e-002
75;0.749570;1.534351e+001;-1.562101e+001;-2.599082e+001;8.572976e+000;1.363311e+000;-5.455906e+001;-3.578382e+001;2.973705e+001;1.579469e+001;1.661264e+001;7.254310e+000;-6.804175e-001;-4.606710e+000;-3.935682e-001;8.116217e-001;6.418452e+000;6.358186e+000;-6.779636e+000;-1.202913e+000;3.543020e+000;3.130663e+000;-1.238724e+000;-3.331187e+000;4.391055e-001;2.687417e-001;-2.936887e-001;-1.777818e-001;7.960265e-001;6.143283e-001;-3.587878e-001;4.704370e-001;2.609925e+000;4.617116e-001;-1.900345e+000;-2.497699e+000;2.045459e-001;1.249612e+000;-1.250315e+000;-8.604483e-002
76;0.759564;1.276552e+001;-1.546326e+001;-2.111631e+001;1.567027e+001;-4.553131e+000;-5.953374e+001;-3.726854e+001;3.280009e+001;1.925161e+001;1.062456e+001;6.211974e+000;-6.824073e+000;-4.859735e+000;-1.101905e+000;1.237449e+000;6.867074e+000;4.028632e+000;-6.137033e+000;1.130447e+000;4.809346e+000;-1.473189e+000;-5.259692e+000;-3.344201e+000;2.855967e+000;-1.378038e+000;-3.952524e-001;-1.054529e-001;7.168828e-001;3.371344e-001;-1.504189e+000;4.338712e-001;3.250917e+000;7.228643e-001;-2.458358e+000;-3.967679e+000;-3.141635e-001;6.684957e-001;-4.094451e-001;-1.211392e-001
77;0.769558;1.269778e+001;-1.310317e+001;-7.673601e+000;1.836400e+001;-8.804729e+000;-4.846940e+001;-2.956483e+001;2.646015e+001;1.129724e+001;1.183800e+001;1.634645e+001;-7.941019e+000;-5.323443e+000;-9.559070e-001;1.824459e+000;6.990846e+000;8.673185e-001;-6.009671e+000;4.646747e+000;5.981460e+000;-3.660572e+000;-1.152409e+001;-4.446764e+000;3.643369e+000;-6.208404e-001;-5.628861e-001;4.224907e-002;5.851524e-001;-5.079684e-001;-1.163115e+000;3.165871e-001;2.794491e+000;-3.050753e-001;-1.429202e+000;-3.694908e+000;-1.317691e+000;-7.893154e-001;3.002745e-001;-1.215495e-001
78;0.779553;1.028373e+001;-1.091691e+001;-4.427818e+000;1.364646e+001;-1.764945e+001;-4.654321e+001;-1.812532e+001;1.668365e+001;-8.942631e+000;4.289143e+000;2.521634e+001;-6.686588e+000;-6.040235e+000;-6.752219e-001;2.752097e+000;6.117087e+000;2.061035e-001;-6.079700e+000;8.059340e+000;5.989240e+000;-4.107395e+000;-1.539261e+001;-6.603232e+000;6.665142e-001;1.130147e+000;-7.208670e-001;6.068171e-001;1.969500e-001;-1.263523e+000;8.376120e-001;1.222894e+000;2.123897e+000;-2.456116e+000;3.727794e-001;-8.865193e-001;-1.581445e+000;-2.441604e+000;6.544149e-001;-6.162806e-002
79;0.789547;1.180487e+001;-8.771893e+000;6.191635e-001;1.392148e+001;-2.213688e+001;-3.782059e+001;-1.544813e+001;1.949241e+001;-2.772862e+001;-2.453473e+000;1.596897e+001;-3.853362e+000;-6.830890e+000;-3.956645e-001;2.980060e+000;4.253604e+000;2.453874e+000;-5.225367e+000;9.305097e+000;1.427696e+000;-2.698246e+000;-1.464680e+001;-8.290125e+000;-2.412745e+000;5.160215e-001;-7.386291e-001;1.324237e+000;-3.880331e-001;-1.937460e+000;1.907161e+000;3.049905e+000;8.395827e-001;-3.517350e+000;1.079512e+000;3.064301e+000;-6.340429e-001;-2.739371e+000;7.987853e-001;2.689924e-002
80;0.799541;9.835873e+000;-3.868417e+000;5.322738e+000;1.892205e+001;-2.828555e+001;-2.456144e+001;-1.438069e+001;1.574699e+001;-3.819853e+001;-1.524587e+001;9.733286e+000;-3.217166e+000;-7.710346e+000;1.652059e+000;1.644398e+000;1.918082e+000;7.423415e+000;-4.147152e-001;9.420759e+000;-5.194355e+000;-9.045477e-002;-8.130930e+000;-9.329744e+000;-6.323998e+000;1.325606e+000;-6.155212e-001;1.916090e+000;3.034076e-001;-1.617143e+000;3.421943e-001;4.187498e+000;-7.655144e-001;-2.199860e+000;8.479649e-001;5.554739e+000;9.105963e-001;-1.823202e+000;8.035362e-001;8.845756e-002
81;0.809536;1.094339e+001;-1.727117e+000;8.719139e+000;2.799558e+001;-2.961351e+001;-1.293480e+001;-2.429866e+001;1.343725e+001;-4.730883e+001;-1.984512e+001;1.202425e+001;-7.095622e+000;-8.181533e+000;4.501639e+000;4.381431e-001;-5.969520e-001;6.794466e+000;6.407361e+000;8.163951e+000;-6.013490e+000;-2.714817e-001;1.665775e-001;-6.253722e+000;-6.558228e+000;3.275357e+000;-4.810627e-001;1.632347e+000;2.035346e+000;2.376379e-002;-3.177292e+000;3.061022e+000;-1.898259e+000;1.170575e+000;-3.286248e-001;5.431319e+000;1.667771e+000;-7.809187e-001;6.346717e-001;9.581957e-002
82;0.819530;1.897476e+001;-6.217307e+000;1.112606e+000;4.372648e+001;-1.598471e+001;-1.188231e+001;-3.967183e+001;1.925896e+001;-3.980718e+001;-3.366376e+001;-4.431296e+000;1.562570e+000;-8.442519e+000;6.456574e+000;5.540093e+000;4.566503e-001;-2.532213e-001;9.041425e+000;4.802341e+000;-1.289469e+000;-1.080953e+000;4.974391e+000;-3.068452e+000;-6.376756e+000;3.768160e+000;-4.073624e-001;1.406200e-001;3.871250e+000;2.328038e+000;-5.885661e+000;5.731774e-003;-2.113102e+000;3.467627e+000;-1.675407e+000;3.294808e+000;2.093014e+000;4.383814e-001;-1.173579e+000;7.284173e-002
83;0.829524;2.974361e+001;-5.406732e+000;-2.605305e-001;3.549159e+001;3.749500e+000;-3.340399e+000;-3.287001e+001;1.637901e+001;-2.609141e+001;-2.451314e+001;-9.739874e+000;1.013356e+001;-8.870117e+000;5.363810e+000;1.120894e+001;5.103139e+000;-9.594266e+000;5.351672e+000;2.123011e+000;5.328126e+000;-3.846121e+000;5.957133e+000;-3.081917e+000;-6.290960e+000;2.468103e+000;-3.636107e-001;-1.661113e+000;3.572634e+000;3.373860e+000;-4.379365e+000;-2.488524e+000;-1.447708e+000;2.912953e+000;-2.040210e+000;4.490902e-001;1.718815e+000;1.133543e+000;-2.819156e+000;5.901742e-002
84;0.839518;3.271863e+001;2.567186e+001;1.209582e+001;1.390794e+001;2.400608e-001;-5.346935e+000;-1.654236e+001;8.871346e+000;-2.393528e+001;-2.825412e+001;-1.126843e+001;7.009046e+000;-9.402865e+000;1.924074e+000;1.561525e+001;1.070823e+001;-1.381053e+001;1.417881e-001;1.875717e+000;6.472970e+000;-6.680168e+000;5.447832e+000;-4.505756e-001;-4.265725e+000;-4.138662e+000;-3.100386e-001;-2.607469e+000;2.996112e-001;1.905298e+000;-1.508471e-001;-2.084125e+000;1.617485e-001;5.189009e-001;-1.089856e+000;-1.110115e+000;1.690346e+000;1.613427e+000;-3.131042e+000;4.215242e-002
85;0.849513;3.089051e+001;3.837300e+001;2.874323e+001;-5.066482e+000;-1.096754e+001;-5.587431e+000;-9.222765e+000;-5.995444e-001;-2.545911e+001;-3.795952e+001;-1.601198e+001;2.521656e+000;-9.519413e+000;-1.537675e+000;1.326374e+001;1.114656e+001;-8.323707e+000;-1.585441e+000;2.388721e+000;4.670058e+000;-7.672923e+000;2.175308e+000;1.031414e+000;-1.946026e+000;-6.867011e+000;-2.346375e-001;-2.188499e+000;-2.967312e+000;-1.014123e+000;3.581095e+000;3.019694e-001;9.478386e-001;-1.165365e+000;4.921837e-001;-1.698018e+000;1.605297e+000;2.276653e+000;-1.709402e+000;3.686562e-003
86;0.859507;2.802169e+001;4.996907e+001;4.015187e+001;-5.047111e+000;-7.917253e+000;-1.380203e+000;-1.913060e+001;-5.652606e+000;-1.288417e+001;-2.919345e+001;-2.262387e+001;-1.532479e+001;-9.668064e+000;-3.130027e+000;6.010751e+000;6.961429e+000;-1.642736e+000;2.089357e+000;5.478229e+000;1.634069e+000;-4.616831e+000;1.314729e+000;3.326612e+000;-4.820875e-001;-7.219491e+000;-2.610869e-001;-1.162776e+000;-4.689974e+000;-3.035789e+000;4.834145e+000;1.989105e+000;7.253286e-001;-8.882028e-001;1.835965e+000;-1.462070e+000;8.496515e-001;2.201468e+000;1.103922e+000;-3.639514e-002
87;0.869501;2.440371e+001;4.876335e+001;4.144424e+001;3.350584e+000;-9.904671e-002;6.619842e+000;-8.225604e+000;-1.472362e+001;-2.074043e+001;-1.888641e+001;-1.379228e+001;-1.303458e+001;-9.910706e+000;-3.051634e+000;1.174631e+000;1.905925e+000;2.227313e+000;5.887735e+000;5.060948e+000;1.920752e+000;-2.416871e+000;-4.664055e-001;3.055976e+000;3.200487e+000;-4.538493e+000;-3.696537e-001;-3.151453e-001;-3.703992e+000;-2.809593e+000;3.362478e+000;1.807582e+000;-4.737411e-002;-2.606763e-001;2.393034e+000;-3.598128e-001;2.069842e-001;8.282030e-001;2.172529e+000;-4.816431e-002
88;0.879495;2.031189e+001;5.053044e+001;4.055246e+001;1.485723e+000;5.252601e+000;1.594057e+001;-8.870594e+000;-7.150772e+000;-1.972098e+001;-2.115762e+001;-1.478871e+001;-2.131030e+001;-1.051265e+001;-3.132829e+000;-1.790071e+000;1.496027e-001;5.084689e+000;6.350725e+000;4.166247e+000;3.406609e+000;-1.283701e-001;-5.416629e-001;2.785401e+000;4.168359e+000;2.166908e-001;-4.245062e-001;-6.075959e-002;-1.882750e+000;-1.187887e+000;1.678721e+000;2.540794e-001;-9.304789e-001;4.319550e-001;1.428080e+000;-1.546701e-001;-3.102093e-001;-8.522661e-001;2.084070e+000;-1.667457e-002
89;0.889490;1.948724e+001;4.396547e+001;3.807256e+001;2.803666e+000;1.188621e+001;1.105692e+001;-4.749008e+000;-1.193482e+001;-2.437273e+001;-2.669756e+001;-3.927126e+000;-1.717806e+001;-1.094539e+001;-3.112001e+000;-1.355813e+000;5.045080e-001;5.124970e+000;5.321788e+000;2.807842e+000;2.480407e+000;2.048018e+000;1.304440e+000;2.336941e+000;-1.302342e-001;2.775440e-001;-3.937494e-001;-3.295128e-002;-4.655955e-001;9.398349e-002;3.641506e-001;-9.324691e-001;-1.149998e+000;-9.638937e-002;7.745477e-001;1.623230e-001;-3.790594e-001;-2.125903e+000;5.827548e-001;2.966901e-002
90;0.899484;1.481578e+001;4.341765e+001;4.258573e+001;2.064979e+001;1.784374e+001;1.723249e+001;-3.835855e+000;-7.688861e+000;-1.377633e+001;-1.136087e+001;-6.714653e+000;-1.216960e+001;-1.127325e+001;-3.403641e+000;-2.137777e+000;1.722700e+000;5.302042e+000;3.642727e+000;1.952388e+000;3.514017e+000;2.911254e-001;-3.440445e-001;2.135083e+000;-3.078058e+000;7.928391e-001;-3.324119e-001;3.240737e-001;2.461076e-001;2.454993e-001;-9.938563e-001;-1.248134e+000;-1.061868e+000;-6.369299e-001;1.338144e-001;-5.219678e-002;-7.083367e-001;-1.631603e+000;-9.558740e-001;6.480370e-002
91;0.909478;1.159176e+001;4.554068e+001;4.295015e+001;1.939340e+001;2.021432e+001;2.001309e+001;1.659059e+000;-4.214491e+000;-1.719055e+001;-1.210008e+001;-1.848049e+001;-1.621721e+001;-1.149915e+001;-3.080984e+000;-9.794933e-001;1.589294e+000;3.939389e+000;2.579388e+000;4.178893e-001;1.385101e+000;1.246120e+000;2.464004e-001;1.485838e+000;-3.805822e+000;-1.912793e+000;-2.673558e-001;8.304090e-001;3.152611e-001;-4.716954e-002;-1.495572e+000;-1.263169e+000;-6.115024e-001;-9.850931e-001;-3.741817e-001;2.907576e-001;-1.021910e+000;-1.396626e-001;-8.952011e-001;7.730962e-002
92;0.919472;7.241423e+000;3.905395e+001;4.672717e+001;1.970107e+001;1.930218e+001;2.122443e+001;5.495459e+000;-9.555307e+000;-2.503229e+001;-1.778094e+001;-2.290232e+001;-1.782652e+001;-1.189783e+001;-1.527969e+000;-7.476925e-001;8.347065e-001;7.081976e-001;1.481254e+000;5.188524e-002;7.696126e-001;9.416507e-001;-2.736271e-001;-3.307312e-001;-2.151865e+000;-3.467510e+000;-1.636845e-001;1.320597e+000;4.670180e-001;-7.637138e-001;-1.737810e+000;-1.283502e+000;-4.041252e-001;-1.454167e+000;-1.565131e-001;1.073281e+000;-8.335178e-001;9.450246e-001;-2.996753e-001;7.323688e-002
93;0.929467;7.869493e+000;4.124986e+001;4.394831e+001;2.297497e+001;2.405393e+001;1.115040e+001;-2.489160e+000;-4.770994e+000;-1.751275e+001;-1.605833e+001;-1.486240e+001;-2.391356e+001;-1.196988e+001;1.022083e-001;-4.745499e-001;7.126573e-001;-5.597038e-002;8.668156e-002;7.005812e-001;-1.072857e+000;-1.481534e-001;2.723019e+000;-1.539702e+000;-1.291644e+000;-2.068287e+000;-9.156504e-002;1.317007e+000;1.030001e-001;-1.086587e+000;-1.441605e+000;-1.443703e+000;-5.515248e-002;-7.712672e-001;-5.089529e-001;7.685362e-001;-3.642343e-001;8.238574e-001;9.330772e-001;5.697190e-002
94;0.939461;9.037066e+000;4.182460e+001;4.626019e+001;2.239999e+001;2.333021e+001;2.192326e+001;2.086318e+000;-2.702355e+000;-1.498337e+001;-1.103540e+001;-1.928302e+001;-2.565897e+001;-1.185631e+001;1.607749e+000;-5.515900e-002;-1.657551e+000;-1.389327e+000;-1.528431e+000;-2.095841e-001;-2.527840e+000;2.056967e-001;3.784051e+000;-5.197358e-001;3.899763e-001;-6.277905e-001;-5.412283e-002;9.256579e-001;-1.912576e-001;-1.274194e+000;-4.619203e-001;-7.367306e-001;-3.141734e-001;-4.795517e-001;-2.213619e-001;5.845357e-001;7.179725e-001;8.384050e-001;1.217738e+000;4.161138e-002
95;0.949455;1.120498e+001;4.178260e+001;4.674693e+001;1.776408e+001;1.863371e+001;2.316658e+001;-2.000655e+000;-8.381734e+000;-8.599914e+000;-2.317136e+001;-2.674836e+001;-2.264242e+001;-1.197774e+001;1.936190e+000;-8.107597e-001;-2.597512e+000;-2.219875e+000;-3.134284e+000;2.728616e-001;-8.225090e-001;-9.306677e-001;2.060242e+000;-2.408312e-001;-9.574555e-001;1.332733e+000;-3.727712e-002;2.980431e-001;-2.796760e-001;-9.985271e-001;3.791736e-001;3.518357e-001;-5.204809e-001;2.730685e-001;6.574745e-001;3.245973e-001;1.598190e+000;1.108366e+000;8.621182e-001;5.292630e-002
96;0.959449;1.361242e+001;3.851178e+001;3.704010e+001;1.535987e+001;1.437014e+001;1.416842e+001;-7.387992e+000;-6.721454e+000;-1.056845e+001;-1.682310e+001;-1.500946e+001;-2.160105e+001;-1.216452e+001;2.183329e+000;-1.535875e+000;-3.881177e+000;-5.194513e-001;-5.919158e-001;-1.305122e+000;-1.753320e+000;2.260984e-001;2.980440e+000;2.609696e+000;1.873067e+000;9.206684e-001;1.722851e-002;-3.547434e-001;-1.018790e-001;1.760308e-001;7.888733e-001;1.273726e+000;-1.108126e-001;5.389606e-001;8.238999e-001;3.823760e-001;1.405997e+000;4.444626e-001;2.491759e-001;5.694435e-002
97;0.969444;1.526277e+001;3.885247e+001;3.557079e+001;1.539566e+001;1.286255e+001;1.639213e+001;-1.864550e+000;-7.414783e+000;-9.419000e+000;-1.436863e+001;-2.178646e+001;-1.927886e+001;-1.200216e+001;1.304633e+000;-1.132572e+000;-3.168165e+000;1.404960e+000;1.377602e+000;-1.354055e+000;-9.477434e-002;3.129018e+000;4.747811e+000;4.886534e+000;3.508639e+000;1.468075e+000;1.373908e-001;-8.159840e-001;3.476356e-001;1.016834e+000;5.903330e-001;1.152262e+000;-8.180675e-002;1.834228e-001;8.506089e-001;-2.302936e-001;1.551915e-001;1.461658e-001;-4.052247e-001;1.813047e-002
98;0.979438;1.792482e+001;3.561029e+001;3.244237e+001;2.098695e+001;2.325621e+001;1.878488e+001;-6.748335e+000;-2.055339e+000;3.283730e-001;-2.388284e+000;-1.239864e+001;-2.273741e+001;-1.175796e+001;1.498101e-001;-4.036478e-001;-4.920699e-001;7.426218e-001;2.584257e+000;4.981112e-002;-1.969038e-001;2.295353e+000;4.352147e+000;3.946565e+000;3.792423e-001;5.504183e-001;1.432650e-001;-1.025059e+000;5.026295e-001;1.506221e+000;-2.203650e-001;-5.734998e-002;1.223010e-001;2.535824e-001;-2.340409e-001;-1.849406e+000;-1.853575e+000;-1.229107e+000;-5.877894e-001;-6.019235e-002
99;0.989432;1.557195e+001;3.757049e+001;3.320497e+001;2.197535e+001;2.107869e+001;1.408808e+001;-2.794355e+000;4.930300e+000;9.690732e+000;-5.956100e+000;-1.051058e+001;-1.473386e+001;-1.149406e+001;-1.126970e+000;3.613047e-001;7.921058e-001;1.007531e-001;1.038940e+000;-8.136387e-001;-6.836029e-001;2.287750e+000;2.229208e-001;-1.333085e-001;5.202858e-001;-5.082655e-001;-9.642983e-003;-7.862568e-001;1.435734e-001;9.725326e-001;-7.972539e-001;-8.976288e-001;-6.363809e-003;-5.194770e-001;-1.715115e+000;-2.885639e+000;-2.497963e+000;-1.452304e+000;-4.973287e-001;-1.415166e-001
100;0.999427;1.420688e+001;3.713453e+001;3.576266e+001;1.578314e+001;2.318335e+001;1.556950e+001;-7.907608e+000;-1.417232e+000;1.637414e+000;-1.296544e+000;-1.875119e+001;-2.112145e+001;-1.170224e+001;-1.726166e+000;2.303339e-001;1.669792e+000;-9.691733e-001;-7.093344e-001;-9.638249e-001;-1.909936e-001;-5.234717e-001;-4.004144e+000;-4.148259e+000;-2.778294e+000;-1.030108e+000;-2.102163e-001;-3.356343e-001;-1.256880e+000;-6.192113e-001;-5.141005e-001;-1.266116e+000;1.316370e-001;-7.831646e-001;-1.923026e+000;-1.475010e+000;-1.484765e+000;1.158191e+000;6.619257e-001;-1.527393e-002
101;1.009421;1.148689e+001;3.989687e+001;3.787117e+001;1.850133e+001;1.809368e+001;1.393163e+001;-4.702928e+000;3.704912e+000;-8.958916e+000;-1.558104e+001;-1.600875e+001;-2.262817e+001;-1.207824e+001;-1.688662e+000;-7.316955e-001;6.135672e-001;-1.725412e+000;-1.463746e+000;-8.790556e-001;-2.695114e+000;-4.037145e+000;-5.502237e+000;-3.555869e+000;-2.174110e+000;-2.283054e-001;-3.934516e-001;2.526785e-001;-3.107578e+000;-2.620219e+000;-6.512609e-001;-1.558033e+000;-4.996451e-001;-6.359941e-001;-1.195751e+000;1.879887e+000;1.157210e+000;2.313149e+000;1.098761e+000;3.200451e-001
102;1.019415;1.133652e+001;3.559877e+001;3.845823e+001;1.787809e+001;2.120204e+001;1.404398e+001;-6.749017e+000;-4.060004e+000;-1.036752e+001;-1.831710e+001;-2.354102e+001;-2.394080e+001;-1.251695e+001;-1.247515e+000;-6.141550e+000;-3.498857e+000;-9.147983e-001;-2.494979e+000;7.407048e-001;-3.106971e+000;-4.157329e+000;-1.603220e-001;-1.765981e+000;7.517396e+000;3.720067e+000;2.587996e-001;4.221012e-001;-4.049640e+000;-4.391654e+000;-1.186926e+000;-2.214253e+000;-1.881786e+000;3.845125e-002;8.785170e-001;4.505903e+000;2.849562e+000;1.907807e+000;5.465969e-001;6.151168e-001
103;1.029409;8.563820e+000;3.467989e+001;3.492503e+001;1.230081e+001;1.475062e+001;1.045556e+001;-1.684922e+001;-1.393404e+001;-1.181799e+001;-1.522516e+001;-1.898621e+001;-1.446572e+001;-1.305396e+001;-1.029030e-001;-1.199064e+001;-9.724665e+000;-3.182739e+000;-5.858405e+000;-4.164129e+000;-2.405584e+000;-1.874078e+000;7.700445e+000;4.461604e+000;6.938187e+000;2.610454e+000;1.356075e+000;1.294505e-001;-3.293111e+000;-4.219167e+000;-1.505383e+000;-1.822413e+000;-2.217831e+000;1.537216e+000;2.732543e+000;4.381781e+000;2.215485e+000;-1.213428e+000;-6.285491e-001;6.396490e-001
104;1.039404;9.430840e+000;9.035274e+000;1.974145e+001;1.430941e+001;1.237999e+001;2.101105e+001;-1.736932e+001;-1.338440e+001;2.265338e+000;-1.030439e+001;2.032453e+001;-6.602345e+000;-9.920380e+000;-4.085400e-001;-1.438839e+001;-1.511936e+001;-6.175140e+000;-9.583268e+000;-8.730216e+000;-1.435022e-001;2.787580e+000;1.192403e+001;6.090817e+000;2.204590e+000;2.834965e-001;1.990605e+000;-5.659211e-001;-4.358719e-001;-1.683420e+000;-1.144042e+000;-6.051525e-001;-1.218383e+000;2.183276e+000;2.291615e+000;9.796793e-001;-3.115120e-001;-5.352837e+000;-1.105919e+000;2.002905e-001
105;1.049398;1.192521e+001;-6.774593e+000;-1.393761e+000;4.371977e+000;-6.787317e+000;-1.037256e+001;-1.142070e+001;-1.003278e+000;2.322688e+001;2.720618e+000;-3.250588e+000;-1.824512e+001;-6.596149e+000;-1.460897e+000;-1.307383e+001;-1.467202e+001;-6.622157e+000;-7.031665e+000;-7.232752e+000;3.509232e+000;6.153115e+000;1.036449e+001;3.593157e+000;-5.584846e+000;-1.652766e+000;1.938891e+000;-1.245678e+000;2.170802e+000;1.687596e+000;5.550100e-001;1.473815e+000;2.298560e+000;1.968435e+000;1.455886e-002;-3.299166e+000;-3.447616e+000;-3.824484e+000;6.122310e-001;-3.333195e-001
106;1.059392;7.613120e+000;-1.561594e+001;-1.897918e+001;-9.033192e+000;-1.594533e+001;-1.919304e+001;-1.018079e+001;3.412518e+000;3.173021e+001;3.164091e+000;-2.038588e+001;-2.063362e+001;-5.792836e+000;-3.398124e+000;-7.779317e+000;-9.442279e+000;-4.915298e+000;-4.934112e+000;-3.816898e+000;4.851999e+000;3.287152e+000;3.406051e+000;-2.889318e+000;-1.298527e+001;3.220806e-001;9.688439e-001;-1.011638e+000;3.298728e+000;3.745969e+000;2.452157e+000;2.871421e+000;4.413866e+000;1.454897e+000;-2.470107e+000;-5.412873e+000;-3.870293e+000;-1.042400e-001;2.068268e+000;-5.636230e-001
107;1.069386;2.168193e+000;-1.836364e+001;-1.907474e+001;-9.138679e+000;-6.245050e+000;-5.606152e+000;-2.897325e+000;8.433081e+000;2.527204e+001;-3.993616e+000;-2.655524e+001;-1.571391e+001;-5.423280e+000;-4.836503e+000;-4.441172e+000;-4.125226e+000;-1.037610e+000;-8.139088e-001;4.872009e+000;4.938838e+000;-2.051070e+000;-4.536393e+000;-8.286407e+000;-4.589304e+000;5.652317e+000;2.003572e-001;-2.388269e-001;2.809204e+000;3.342516e+000;2.838296e+000;2.847471e+000;3.603235e+000;3.883618e-001;-3.396297e+000;-4.287145e+000;-1.801783e+000;3.155034e+000;2.263429e+000;-4.721570e-001
108;1.079381;-2.681268e+000;-2.406679e+001;-1.862945e+001;-3.511755e+000;-1.256170e+001;-4.566345e-001;2.628991e+000;-1.666824e+000;1.827301e+001;-2.139386e+001;-3.294949e+001;-6.257549e+000;-5.662594e+000;-3.778928e+000;-2.211083e+000;-1.662912e+000;3.293374e+000;1.664960e+000;7.286734e+000;6.416177e+000;-5.460862e+000;-7.689891e+000;-7.320867e+000;1.185619e+000;6.972295e+000;4.175663e-002;7.136279e-001;1.396561e+000;1.797456e+000;1.900770e+000;2.774433e+000;1.439387e+000;-6.755416e-001;-2.063776e+000;-1.282357e+000;1.561643e+000;3.983515e+000;8.229601e-001;-1.895485e-001
109;1.089375;-7.110108e+000;-2.475503e+001;-2.219476e+001;-3.576792e+000;-1.254868e+001;4.619286e+000;6.868604e+000;-8.718955e+000;7.273507e+000;-2.643244e+001;-1.991530e+001;2.828426e+000;-5.659483e+000;-2.464630e+000;-1.811924e+000;-1.849120e+000;3.464989e+000;3.906155e+000;5.231606e+000;4.668952e+000;-6.454362e+000;-5.523261e+000;-3.199985e+000;3.104878e+000;6.339272e+000;4.164958e-002;1.260018e+000;3.638996e-001;6.278863e-001;5.193210e-001;1.661620e+000;-1.252612e+000;-1.765732e+000;-3.463539e-001;1.380884e+000;3.474313e+000;1.158133e+000;-1.222666e+000;-2.029569e-002
110;1.099369;-6.642369e+000;-2.347567e+001;-2.573374e+001;4.652735e+000;-4.468718e+000;1.212791e+001;1.701713e+001;-1.531577e+001;2.280015e+000;-2.222083e+001;-1.777775e+001;4.956694e+000;-5.465951e+000;-1.015921e+000;-2.111137e+000;-1.593051e+000;2.337253e+000;6.578020e+000;3.200237e+000;1.609234e+000;-4.830079e+000;-2.512297e+000;2.375686e+000;3.085213e+000;4.093404e+000;1.004552e-001;9.825335e-001;-2.398789e-002;1.315021e-001;-6.641678e-001;1.623710e-001;-2.363625e+000;-2.590455e+000;5.000302e-001;2.021273e+000;2.874740e+000;-6.005683e-001;-2.172490e+000;-5.814094e-003
111;1.109363;-8.174405e+000;-2.771882e+001;-2.476820e+001;4.104023e+000;9.239236e+000;1.425961e+001;1.325337e+001;-1.701425e+001;5.652231e+000;-1.958005e+001;-1.861672e+001;1.037533e+001;-5.313354e+000;8.208504e-002;-2.671647e+000;-1.020725e+000;2.037055e+000;5.037663e+000;6.521987e-001;-1.486351e+000;-4.098231e+000;-2.207676e-001;4.236880e+000;2.515644e-001;9.784333e-001;6.952949e-002;6.815926e-001;4.637740e-001;4.941921e-002;-5.640002e-001;-1.150580e+000;-2.051606e+000;-1.693560e+000;6.564516e-001;1.177032e+000;1.309125e+000;-8.252268e-001;-2.410560e+000;-2.612821e-002
112;1.119358;-7.228723e+000;-3.314058e+001;-2.530799e+001;4.334105e+000;9.434444e+000;1.072439e+001;7.482781e+000;-2.166957e+001;6.522164e+000;-1.294162e+001;-1.817272e+001;1.043602e+001;-5.333383e+000;-1.396183e-001;-1.901161e+000;-1.419599e+000;6.865021e-001;1.911061e+000;-2.241688e+000;-3.458446e+000;-4.138776e+000;-2.347745e-001;3.334402e+000;-3.905657e-001;-1.209734e+000;-1.253796e-003;4.067852e-001;1.009090e+000;-3.396213e-003;-2.396906e-001;-1.518604e+000;-1.141744e+000;-3.852668e-001;7.082080e-001;2.461863e-001;-3.142836e-001;-2.361643e-001;-1.700640e+000;-3.381800e-002
113;1.129352;-6.406507e+000;-3.328081e+001;-2.751126e+001;6.767802e+000;5.688060e+000;8.582038e+000;4.204026e+000;-2.603321e+001;4.048594e+000;-9.887650e+000;-1.846000e+001;4.980928e+000;-5.378120e+000;5.051824e-001;4.019577e-001;-1.688750e+000;1.470364e+000;4.867346e-001;-2.305459e+000;-1.265008e+000;-3.517756e+000;-7.768613e-001;2.866280e+000;7.166334e-001;-3.061961e+000;-3.813696e-002;3.385549e-001;1.019898e+000;1.430334e-001;-2.467291e-001;-6.454773e-001;1.107331e-002;3.733398e-001;1.293159e+000;-1.208206e-001;-1.041349e+000;7.846013e-001;-3.640419e-001;-1.494328e-002
114;1.139346;-8.224410e+000;-3.020048e+001;-3.146020e+001;6.753356e+000;6.862175e+000;3.758253e+000;4.249574e+000;-3.150017e+001;1.907961e+000;-1.039503e+001;-1.980894e+001;1.605221e+000;-5.439837e+000;8.064564e-001;1.397512e+000;-1.276020e+000;1.422146e+000;1.260466e+000;-1.029654e+000;-4.277711e-001;-1.579277e+000;-1.003319e+000;1.489568e+000;1.671857e+000;-2.389598e+000;-1.480160e-002;4.905896e-001;1.754244e-001;3.462965e-001;-4.601198e-001;-2.271833e-001;6.979569e-001;3.397074e-002;1.440863e+000;-5.151925e-002;-1.516685e+000;7.888584e-001;4.491481e-001;1.240831e-003
115;1.149341;-5.150649e+000;-2.717908e+001;-3.013584e+001;1.024622e+001;1.295904e+001;6.215380e+000;8.544931e+000;-2.968773e+001;4.075027e+000;-6.521952e+000;-1.421544e+001;-5.190806e-001;-5.450812e+000;1.301822e+000;7.785061e-001;-3.773476e-001;4.355880e-001;2.135575e+000;1.015480e-001;-1.134989e+000;1.087816e+000;-4.405982e-001;-4.744713e-002;3.143360e+000;-2.518443e-001;1.586962e-003;4.154952e-001;-5.982823e-001;4.809077e-001;-8.570916e-001;-3.622470e-001;6.360018e-001;-5.922990e-001;1.066785e+000;1.482684e-001;-1.463236e+000;1.218724e-001;7.438818e-001;-3.025098e-003
116;1.159335;-3.824369e+000;-2.920388e+001;-3.037580e+001;9.705627e+000;1.210128e+001;6.759453e+000;3.173473e+000;-2.773870e+001;1.492352e+000;-7.176627e+000;-1.193571e+001;1.238038e+000;-5.371045e+000;1.915010e+000;-1.212313e+000;-3.438171e-001;-1.096709e+000;-4.927542e-002;4.459267e-002;-3.353601e+000;7.627531e-001;-6.605023e-001;-2.792160e+000;2.340363e+000;-3.690524e-001;-1.491160e-002;2.677550e-001;-6.334688e-001;4.850960e-001;-8.795173e-001;-6.723901e-001;2.944402e-001;-2.166453e-001;1.975393e-001;-4.605428e-002;-7.075447e-001;-5.003852e-001;1.249014e-001;-2.642301e-002
117;1.169329;-2.097417e+000;-2.988658e+001;-2.994020e+001;7.469606e+000;1.374638e+001;7.589178e+000;-9.328694e-001;-2.247487e+001;2.053408e+000;-1.173408e+001;-6.679815e+000;3.905298e+000;-5.404581e+000;2.028382e+000;-1.284541e+000;2.496876e-001;-1.555667e+000;-6.696296e-001;3.374268e-001;-2.763587e+000;6.451561e-001;-2.069276e-001;-2.309037e+000;9.917421e-001;-3.528247e-001;-5.320745e-002;1.414626e-002;-1.204208e-001;5.084474e-001;-5.627760e-001;-5.722224e-001;2.754784e-001;8.088460e-001;-6.532026e-001;-6.338801e-001;1.984054e-001;-5.146929e-001;-4.965667e-001;-4.059711e-002
118;1.179323;-1.759768e-001;-3.490830e+001;-3.327711e+001;2.658117e+000;6.222130e+000;3.294317e+000;-7.779532e+000;-3.129284e+001;-3.837414e-001;-2.174976e+001;-1.187494e+001;-2.452230e+000;-5.537510e+000;1.781952e+000;-7.383087e-001;8.359424e-001;-1.979813e+000;-6.988825e-001;3.246079e-001;-6.966985e-001;-3.702507e-001;-1.350426e+000;-9.173603e-001;2.457398e-001;-1.714600e+000;-1.195194e-001;-2.584864e-001;6.406657e-001;5.675637e-001;-3.707807e-002;2.287533e-001;4.838517e-001;1.679282e+000;-5.114273e-001;-1.179726e+000;7.689586e-001;3.437256e-001;-4.720054e-002;-3.416930e-002
119;1.189318;3.167063e+000;-3.074958e+001;-2.743674e+001;5.991637e+000;1.255047e+001;9.635081e+000;2.034960e-001;-2.468488e+001;3.978436e+000;-1.078057e+001;-9.287117e+000;-4.380703e-001;-5.633616e+000;1.439082e+000;-6.060028e-002;1.575010e+000;-1.936740e+000;-4.007338e-001;1.338932e+000;1.580789e+000;-1.611695e+000;-3.265037e+000;7.180023e-003;1.617207e+000;-2.061904e+000;-1.490947e-001;-4.122030e-001;7.696557e-001;3.837128e-001;2.622410e-001;4.408121e-001;3.851798e-001;1.417057e+000;4.210872e-002;-1.449771e+000;-2.396317e-001;8.471974e-001;5.939314e-001;-1.496918e-002
120;1.199312;2.453148e+000;-3.246392e+001;-2.744781e+001;5.455480e-001;9.204823e+000;7.359541e+000;-8.782024e-001;-2.848495e+001;-6.222291e+000;-1.224019e+001;-9.403364e+000;-5.163279e+000;-5.854125e+000;9.172276e-001;1.379045e+000;1.831340e+000;-1.091563e+000;9.600433e-001;1.963099e+000;2.870620e+000;-6.659576e-001;-5.030079e+000;-1.054753e-001;3.746259e+000;2.494845e-001;-1.378145e-001;-3.013031e-001;6.376081e-001;3.449634e-001;8.416556e-001;3.168984e-001;5.842668e-001;9.475659e-001;1.570397e+000;-2.625529e-001;-1.015464e+000;3.180366e-001;1.321785e+000;1.414641e-002
121;1.209306;3.783433e+000;-3.141177e+001;-2.497980e+001;-1.157810e+000;1.025136e+001;1.225123e+001;3.520412e+000;-3.193729e+001;-1.135250e+001;-1.645297e+001;1.704330e-001;-5.048697e+000;-5.991747e+000;3.997290e-001;1.505061e+000;1.670553e+000;-6.885870e-001;7.049677e-001;1.444081e+000;2.538040e+000;1.003553e+000;-5.615956e+000;-3.913138e+000;3.477470e+000;1.634790e+000;-1.189058e-001;-1.850606e-001;2.429012e-001;6.303618e-002;1.283739e+000;-1.745147e-001;4.000503e-001;4.273004e-001;2.728854e+000;1.324878e+000;-6.153550e-001;-1.344476e+000;1.083315e+000;2.600780e-002
122;1.219300;4.101976e+000;-2.768198e+001;-2.534888e+001;7.750279e-001;1.217190e+001;1.180174e+001;4.915111e+000;-3.099642e+001;-1.786867e+001;-1.944094e+001;2.127582e+000;1.100506e+000;-6.047517e+000;7.951130e-001;1.666901e+000;2.512988e+000;1.604388e+000;3.327586e-001;3.193368e+000;3.562506e+000;6.174111e+000;-1.487731e+000;-4.034521e+000;9.057914e-001;3.045976e+000;-6.388178e-002;-1.567733e-001;-3.120828e-001;-3.000636e-001;1.214995e+000;-6.306273e-001;-1.780374e-002;2.478154e-002;2.500915e+000;2.434526e+000;9.023402e-001;-2.348334e+000;1.654136e-001;9.086737e-003
123;1.229295;4.341293e+000;-2.561525e+001;-2.013345e+001;2.433962e+000;1.459177e+001;1.463439e+001;9.997038e+000;-1.841137e+001;-1.827816e+001;-2.674588e+001;2.334759e+000;4.603987e+000;-6.131449e+000;5.748368e-001;1.009977e+000;1.549367e+000;3.133978e+000;-9.596651e-001;2.724050e+000;3.371348e+000;8.612540e+000;1.588178e+000;-1.105072e+000;-3.684937e+000;1.956425e+000;-5.602203e-002;-2.702681e-001;-4.778547e-001;-7.247413e-001;7.311235e-001;-3.956274e-001;-9.477135e-001;-5.146840e-001;5.597786e-001;2.273569e+000;3.107352e+000;-1.589558e+000;-4.654200e-002;-3.086838e-002
124;1.239289;6.149783e+000;-2.702768e+001;-1.730605e+001;6.771604e+000;8.698412e+000;2.213480e+001;1.369602e+001;-4.377351e+000;-1.019812e+001;-2.726633e+001;-5.956571e+000;5.240258e+000;-6.103683e+000;4.580736e-002;6.617222e-002;3.916153e-001;3.072128e+000;-1.360777e+000;1.234095e+000;2.577874e+000;8.034122e+000;3.540483e+000;3.002193e+000;-4.414209e+000;9.157349e-001;-1.238227e-001;-4.152991e-001;-4.407686e-001;-7.485310e-001;-2.297843e-001;6.142911e-001;-1.904857e+000;-9.831406e-001;-2.070217e+000;5.592576e-001;3.020701e+000;2.137346e-002;6.613707e-001;-6.860948e-002
125;1.249283;5.633714e+000;-2.668903e+001;-2.125438e+001;1.151379e+001;7.189782e+000;2.070494e+001;1.598670e+001;-2.184121e+000;-7.246889e+000;-1.806564e+001;-1.421217e+001;2.663552e+000;-6.243775e+000;-5.769591e-001;-8.384857e-002;-8.924679e-001;2.233161e+000;-4.264018e-001;-2.314851e+000;4.569358e-001;2.872441e+000;3.237783e+000;8.105268e+000;-1.810322e+000;2.467201e+000;-2.432773e-001;-2.767378e-001;-2.897555e-001;-3.395217e-002;-9.102666e-001;1.717224e+000;-1.077373e+000;-2.164777e-001;-2.739667e+000;-9.688181e-001;6.717712e-001;9.558366e-001;1.360645e+000;-6.381480e-002
126;1.259277;3.684803e+000;-2.681423e+001;-2.283034e+001;1.159575e+001;9.069011e+000;1.493693e+001;1.480965e+001;1.060564e+000;-5.681885e+000;-8.770094e+000;-1.167000e+001;6.649397e+000;-6.610468e+000;-7.054847e-001;9.971237e-003;-8.750153e-003;9.058754e-001;3.137582e+000;-3.811467e+000;1.040091e-001;-1.306925e+000;4.837548e-001;6.463815e+000;7.535134e-002;6.097442e+000;-3.133016e-001;2.772046e-002;-1.836965e-001;4.804671e-001;-8.673528e-001;1.866950e+000;2.357479e-001;1.074355e+000;-1.770027e+000;-1.682110e+000;-2.108468e+000;2.434947e-001;7.589025e-001;-2.758363e-002
127;1.269272;2.688988e+000;-2.614122e+001;-2.183364e+001;1.118769e+001;1.227446e+001;6.659067e+000;1.172490e+001;-6.768129e+000;-4.347360e+000;4.532335e+000;-3.860137e+000;1.623542e+001;-7.094443e+000;-4.332061e-001;-4.106998e-001;1.579789e+000;-3.342292e-001;5.377275e+000;-1.400333e-001;3.525892e+000;-4.152726e-001;-1.727548e+000;5.229722e-001;-1.150534e+000;6.168795e+000;-2.803566e-001;2.978403e-001;-2.983016e-001;5.077135e-001;-4.083547e-001;8.447559e-001;1.160016e+000;1.915768e+000;1.394293e-001;-7.729316e-001;-3.297477e+000;-7.508305e-001;-1.033641e+000;-1.129846e-002
128;1.279266;4.094722e+000;-2.725173e+001;-1.706017e+001;1.146403e+001;2.184398e+001;1.010040e+001;1.634696e+001;-8.619974e+000;-9.229109e+000;-6.246240e+000;-1.075583e+001;2.894153e+001;-7.244856e+000;1.125332e-001;-6.888847e-001;1.557823e+000;1.905928e-002;5.072135e+000;1.325426e+000;6.415171e+000;8.278441e-001;-2.387401e+000;-3.748997e+000;-3.526630e+000;2.859450e+000;-2.432012e-001;2.454714e-001;-2.853422e-001;-3.372398e-002;-6.308843e-002;-1.112610e+000;2.450662e-001;1.047229e+000;8.417112e-001;8.300230e-001;-1.905764e+000;-2.713960e-001;-2.981943e+000;-4.863846e-002
129;1.289260;3.262724e+000;-2.852378e+001;-1.624052e+001;9.908506e+000;2.768867e+001;2.242304e+001;3.284750e+001;5.797850e-001;-1.411102e+001;-1.671270e+001;-2.042192e+001;2.236146e+001;-7.328363e+000;5.032336e-001;-1.225929e+000;8.628132e-001;6.347955e-001;2.830102e+000;9.167837e-001;6.880193e+000;2.502202e+000;8.087028e-001;-3.275711e+000;-3.763484e+000;-1.082007e+000;-3.348197e-001;-2.796063e-001;9.420162e-002;-4.708228e-001;9.039459e-002;-2.527125e+000;-1.524936e+000;-1.054486e+000;3.122557e-001;1.786303e+000;-1.531881e-001;1.433598e+000;-3.083452e+000;-9.814619e-002
130;1.299255;3.960601e+000;-2.906737e+001;-1.783778e+001;1.233064e+001;2.672258e+001;1.368208e+001;3.632420e+001;1.525828e+000;-1.273706e+001;-1.689256e+001;-2.102225e+001;1.788363e+001;-7.709514e+000;5.365262e-002;-1.009125e+000;1.811176e-001;1.059209e-001;-1.151881e+000;-3.114545e+000;3.663001e+000;1.442893e+000;3.365744e+000;-1.165662e+000;2.484646e-002;-5.186872e+000;-5.292622e-001;-8.492734e-001;6.735687e-001;-3.618100e-001;-1.171382e-001;-2.849343e+000;-1.871584e+000;-2.215796e+000;6.796694e-002;1.273230e+000;5.166589e-002;2.601901e+000;-2.314895e+000;-1.249248e-001
131;1.309249;5.272216e+000;-3.136304e+001;-1.713077e+001;1.392836e+001;2.398567e+001;9.452147e+000;3.613724e+001;6.699817e-001;1.450130e+000;-6.523058e+000;-1.754434e+001;1.635434e+001;-8.536213e+000;-1.801797e+000;2.204285e-001;-8.597259e-002;7.431297e-002;-4.146343e+000;-5.544729e+000;-3.704508e-001;8.384812e-001;4.327395e+000;-1.534636e+000;4.241716e+000;-5.225302e+000;-6.280570e-001;-8.740945e-001;1.355856e+000;5.962577e-002;-8.422985e-002;-2.289712e+000;-1.449317e+000;-1.880911e+000;1.163736e-001;-6.033660e-002;-4.311654e-001;2.802108e+000;-1.308211e+000;-8.668545e-002
132;1.319243;3.358239e+000;-3.087773e+001;-1.570946e+001;9.983706e+000;1.793608e+001;1.013124e+000;3.301710e+001;-1.450606e+000;-1.809616e-001;-1.716937e+001;-1.207039e+001;6.010737e+000;-9.287243e+000;-2.981318e+000;1.955780e+000;2.231655e-001;-2.863903e-001;-5.686359e+000;-4.801734e+000;-1.038486e+000;1.999539e+000;2.219405e+000;-4.361205e+000;5.480277e+000;-6.643378e+000;-7.212068e-001;-3.970338e-002;1.586498e+000;5.374526e-001;3.557165e-001;-1.069997e+000;-4.378656e-001;-4.543015e-001;5.965508e-001;-5.549954e-001;1.227901e-001;2.092261e+000;1.788763e-001;-3.791398e-002
133;1.329237;-5.445082e+000;-2.651646e+001;-1.773455e+001;1.145354e+001;1.135020e+001;1.033875e+000;3.264880e+001;6.260408e+000;1.247910e+000;-2.424747e+001;-3.689273e+000;2.171397e+000;-9.679784e+000;-2.349753e+000;4.070899e+000;1.139918e+000;4.098019e-001;-6.351218e+000;-5.486206e+000;-1.736155e-001;2.805747e+000;1.080190e+000;-3.833766e+000;7.519342e+000;-6.894811e+000;-6.722747e-001;1.095288e+000;1.291957e+000;1.323930e+000;4.709091e-001;3.384412e-001;3.692094e-001;4.509874e-002;9.654943e-001;-8.516815e-001;1.525462e+000;1.223970e+000;1.413298e+000;-3.903627e-002
134;1.339232;-5.587342e+000;-2.171176e+001;-1.642007e+001;1.213610e+001;4.608523e+000;-6.117458e+000;3.287599e+001;8.728312e+000;-1.538926e+000;-2.983638e+001;-5.484023e-001;-8.241789e+000;-1.074376e+001;1.291137e-001;4.998129e+000;2.255435e+000;1.716759e+000;-5.399430e+000;-5.333135e+000;1.293076e+000;3.442014e+000;2.214370e+000;5.978537e-001;8.847338e+000;-3.457736e+000;-6.967233e-001;1.130666e+000;1.088416e+000;2.428415e+000;5.093153e-001;1.708221e+000;2.184264e+000;-3.743291e-001;1.015653e+000;-2.498146e-001;3.485301e+000;8.025908e-002;3.084609e+000;3.821117e-002
135;1.349226;-2.003758e+000;-1.559153e+001;-1.107587e+001;1.490117e+001;-1.106644e+000;-1.441359e+001;3.533972e+001;9.609259e+000;7.530060e+000;-1.935839e+001;1.429137e+001;-1.099345e+001;-1.116933e+001;2.119428e+000;5.159041e+000;5.517543e+000;1.427284e+000;-2.597601e+000;-3.432982e+000;-1.310738e+000;4.944715e+000;7.150531e-002;3.613145e+000;8.678035e+000;2.483647e-001;-8.354801e-001;4.043484e-003;9.878961e-001;2.965641e+000;1.036969e+000;2.908981e+000;4.524406e+000;-4.405185e-001;5.284331e-001;-6.693009e-001;3.795352e+000;-1.724285e+000;3.664352e+000;1.651123e-001
136;1.359220;2.283145e+000;-1.134955e+001;-7.761620e+000;1.684368e+001;-2.832649e+000;-1.792882e+001;3.813702e+001;1.408504e+001;7.749815e+000;-1.662465e+001;2.317597e+001;-4.695517e+000;-1.202609e+001;4.374199e-001;6.853789e+000;1.017643e+001;1.751445e+000;9.779378e-001;5.092973e+000;-2.341570e+000;6.008321e+000;1.474674e+000;9.341847e+000;5.302226e+000;5.208079e+000;-4.485482e-001;-1.367953e+000;9.732701e-001;2.613509e+000;1.395674e+000;3.472290e+000;5.804354e+000;-1.823711e-001;-5.911724e-001;-8.168424e-001;2.498750e+000;-2.691775e+000;2.570029e+000;3.144477e-001
137;1.369214;1.216813e+000;-5.902360e+000;5.523946e+000;1.623617e+001;2.082784e+000;-1.022536e+001;2.346460e+001;2.830562e+001;-3.038934e+000;-1.278761e+001;2.783871e+001;1.640084e+000;-1.321602e+001;-2.483689e+000;8.082549e+000;1.200763e+001;5.577302e+000;5.005002e+000;1.192277e+001;-5.588848e-001;4.164760e+000;-1.896466e+000;1.077099e+001;6.704701e-001;7.094042e+000;2.919912e-002;-1.765094e+000;2.401823e-001;6.136236e-001;1.021945e+000;2.867291e+000;3.909102e+000;1.037449e+000;-2.158624e+000;7.074623e-002;4.166290e-001;-2.587740e+000;9.031277e-001;3.516666e-001
138;1.379209;-5.010529e+000;7.712603e+000;2.616216e+001;2.022583e+001;7.903499e+000;1.725329e+001;2.710570e+001;2.942173e+001;1.111894e+001;1.358747e+001;1.918906e+001;1.148184e+001;-1.196316e+001;-4.409094e+000;8.402725e+000;1.207794e+001;6.620122e+000;8.160716e+000;1.601076e+001;5.293655e-003;8.761299e-001;-8.858558e-001;9.512678e+000;-6.077555e-001;5.969573e+000;4.431755e-001;-1.029948e+000;-2.395457e+000;-2.072728e+000;-6.398282e-001;8.496495e-001;-1.129225e+000;1.076123e+000;-2.386253e+000;-9.058404e-002;-1.704140e+000;-8.044242e-001;-8.056959e-001;1.211885e-001
139;1.389203;-1.077536e+001;1.529014e+001;3.200037e+001;4.109661e+001;1.855029e+001;2.760921e+001;3.806096e+001;2.276471e+001;-3.636835e+000;1.939052e+001;1.963718e+001;1.638808e+001;-1.105480e+001;-4.282785e+000;5.585485e+000;7.634906e+000;4.102672e+000;8.147467e+000;1.065364e+001;2.703076e+000;-3.282310e+000;1.605501e+000;5.610875e+000;-1.305676e+000;4.383256e+000;4.769910e-001;-1.475317e-001;-4.841262e+000;-3.550618e+000;-2.666887e+000;-7.806990e-001;-4.691761e+000;2.152920e-005;-1.521383e+000;4.896224e-001;-2.151060e+000;7.722877e-001;-1.464542e+000;-1.185060e-001
140;1.399197;-1.376623e+001;2.006783e+001;3.938985e+001;3.751407e+001;2.973718e+001;4.320769e+001;3.086531e+001;2.123615e+001;3.619487e+000;1.484967e+001;2.423796e+001;1.777835e+001;-1.089082e+001;-3.812773e+000;-3.874963e+000;1.999147e+000;-7.103804e-001;3.654953e+000;8.141432e-002;1.408063e+000;-2.199408e+000;-7.292300e-001;3.401206e+000;2.268178e+000;2.534993e+000;-6.650171e-002;5.545722e-001;-5.124735e+000;-3.799150e+000;-2.855180e+000;-1.657570e+000;-5.761945e+000;-1.117631e+000;2.922406e-001;-1.700942e-001;-1.301327e+000;1.144758e+000;-1.132212e+000;-1.997094e-001
141;1.409191;-1.581926e+001;1.584745e+001;3.708463e+001;2.810541e+001;3.190328e+001;3.006562e+001;3.510017e+001;1.598687e+001;8.738300e+000;1.463566e+001;1.878588e+001;2.040811e+001;-1.136723e+001;-3.519508e+000;-9.984915e+000;-7.060655e-001;-4.091881e+000;3.354388e+000;-3.571365e+000;-1.260162e+000;-1.904388e+000;4.733327e-001;3.071429e+000;3.093942e+000;1.488624e+000;-3.084920e-001;9.977627e-001;-2.516544e+000;-2.588024e+000;-2.092280e+000;-1.321921e+000;-3.430125e+000;-2.162545e+000;2.075063e+000;2.519027e-002;-6.197952e-001;6.082121e-001;-5.322700e-001;-7.855959e-002
142;1.419186;-2.155244e+001;-1.194087e+001;3.361577e+001;2.316953e+001;1.950177e+001;1.643215e+001;3.562640e+001;2.181362e+001;1.285223e+000;3.297093e+001;3.095560e+001;2.214679e+001;-1.213945e+001;-2.017871e+000;-9.435752e+000;-2.747328e+000;-3.558503e+000;2.269406e+000;-5.686470e+000;-3.601243e+000;1.648372e+000;-1.170243e+000;4.275764e+000;2.916223e+000;1.755828e+000;-1.626300e-001;1.581446e+000;1.682617e+000;-1.204288e+000;-1.422790e+000;-9.378265e-001;-7.056596e-001;-1.549958e+000;2.340907e+000;1.025944e+000;-1.347185e+000;-4.506076e-001;-4.474508e-002;1.138357e-001
143;1.429180;-2.447980e+001;-1.863008e+001;3.135709e+001;2.780948e+001;4.043994e+001;2.314015e+001;2.937960e+001;1.295403e+001;-1.030397e-001;2.568704e+001;3.174807e+001;2.164698e+001;-1.197295e+001;-1.914225e-001;-4.216841e+000;-2.931975e+000;-4.934668e+000;2.230635e+000;-3.613046e+000;-5.604996e+000;5.169116e+000;1.951959e+000;2.074620e+000;1.411362e+000;2.111489e+000;1.322572e-001;1.626575e+000;3.358443e+000;-3.621957e-001;-1.421430e+000;-2.127163e+000;2.829521e-001;1.481369e-001;2.228039e+000;1.417547e+000;-1.549241e+000;-3.449640e-001;-2.833710e-001;1.169483e-001
144;1.439174;-1.952532e+001;-9.872169e+000;2.851698e+001;1.986952e+001;3.681588e+001;1.823807e+001;1.571938e+001;3.099442e+001;2.188944e+000;3.070280e+001;3.233798e+001;2.593805e+001;-1.140112e+001;2.430413e+000;1.654083e+000;-2.909339e+000;-7.402938e+000;-4.723026e-001;-3.426043e+000;-4.169308e+000;5.968372e+000;3.661177e+000;-2.836314e+000;8.564297e-001;1.999835e+000;2.823023e-001;8.276211e-001;2.262265e+000;2.352924e-001;-1.276858e+000;-2.699131e+000;6.244757e-001;1.846261e+000;3.387359e-001;9.192556e-001;-1.415399e+000;-2.567053e-001;-9.195479e-001;-4.854282e-002
145;1.449169;-1.778993e+001;-6.271108e+000;2.497415e+001;5.082078e+000;3.439940e+001;1.109743e+001;1.702871e+001;3.724204e+001;1.804623e+001;2.614283e+001;2.515150e+001;2.906993e+001;-1.107511e+001;2.389224e+000;1.262383e+000;-2.436039e+000;-9.276815e+000;-5.910573e+000;-3.286818e+000;-2.354446e-001;7.075804e+000;5.145359e+000;-1.118737e+000;2.399019e+000;-5.023441e-002;5.378351e-002;1.293426e-001;5.188497e-001;6.094679e-001;4.852437e-001;-2.133868e+000;4.352994e-001;2.125936e+000;-1.056796e+000;-7.475924e-001;-2.292152e-001;-3.344192e-001;-1.280432e+000;-1.948614e-001
146;1.459163;-1.274531e+001;-9.849939e+000;2.226055e+001;-2.481459e+000;2.016053e+001;5.323297e+000;2.095531e+001;3.951147e+001;1.051647e+001;1.856147e+001;3.853603e+001;2.843449e+001;-1.117685e+001;8.299111e-001;-8.640366e-001;-1.818835e+000;-7.771720e+000;-7.155644e+000;-2.727206e+000;2.945286e+000;2.388707e+000;1.829336e+000;-1.204554e+000;1.138868e+000;-1.761050e+000;-3.661073e-001;-2.351592e-001;-2.657889e-001;9.974048e-001;2.592921e+000;-2.155943e-001;8.016857e-001;7.519600e-001;-1.777942e+000;-2.068858e+000;5.720972e-001;-6.553289e-001;-3.774540e-001;-1.995470e-001
147;1.469157;-1.592368e+001;-1.232929e+001;2.230511e+001;-7.399108e+000;1.921475e+001;1.316345e+001;2.558441e+001;4.407453e+001;2.145999e+001;2.616402e+001;4.064414e+001;2.014759e+001;-1.181616e+001;1.255542e+000;-3.635325e-001;-4.298875e-001;-2.324058e+000;-5.097034e+000;-1.785968e+000;1.467388e+000;1.674971e+000;-8.700823e-001;1.126648e-001;-4.019531e-001;-2.410227e+000;-5.178450e-001;4.595488e-002;3.366988e-001;8.281573e-001;3.927191e+000;1.975053e+000;9.030949e-001;-1.148478e+000;-2.210577e+000;-2.773189e+000;-9.962795e-002;-8.227558e-001;4.570947e-001;-8.173548e-002
148;1.479151;-1.630889e+001;-1.116326e+001;2.075733e+001;-1.274849e+001;8.629981e+000;3.569035e+000;2.616795e+001;3.952172e+001;9.628743e+000;2.466943e+001;3.028601e+001;2.159397e+001;-1.286113e+001;1.821458e+000;1.138096e+000;1.074610e+000;2.085291e+000;-1.957043e+000;-1.680395e-001;-1.260925e+000;-2.209190e-001;-3.675390e+000;-5.915283e-001;-1.019729e+000;1.292561e+000;-4.296184e-001;1.620693e-001;7.058438e-001;3.592334e-001;3.522202e+000;2.880697e+000;1.110616e+000;-1.944386e+000;-1.506275e+000;-1.631619e+000;-1.954004e-001;-5.509236e-002;4.181940e-001;5.649401e-002
149;1.489146;-9.730435e+000;-7.432109e+000;2.357632e+001;-1.404699e+000;1.467950e+001;3.044727e+000;2.175932e+001;4.561177e+001;1.413969e+001;2.365217e+001;2.726675e+001;2.043905e+001;-1.282220e+001;2.123224e+000;1.944811e+000;2.580257e-001;5.430633e+000;1.365394e+000;-5.092602e-002;-3.874728e+000;-2.672271e+000;-5.968222e+000;-1.923389e+000;-6.354622e-001;7.084341e-001;-3.231383e-001;-3.943834e-001;2.464728e-001;-3.126638e-001;1.464064e+000;2.218850e+000;8.525209e-001;-1.118793e+000;-1.287749e+000;-4.059896e-001;-1.359000e-001;3.399954e-001;-2.560872e-001;9.067098e-002
150;1.499140;-6.734643e+000;-6.608048e+000;2.699799e+001;4.947792e+000;1.264293e+001;9.542461e+000;1.656323e+001;3.763826e+001;-4.200328e+000;1.685975e+001;4.012608e+001;3.475156e+001;-1.282192e+001;1.206416e+000;1.511011e+000;-3.666243e-001;5.961942e+000;4.016627e+000;1.958353e+000;-4.105584e+000;-2.969049e+000;-3.779692e+000;-1.163529e+000;9.801611e-001;-1.229410e+000;-1.809906e-001;-7.519013e-001;-2.848546e-001;-6.289066e-001;-4.160028e-001;1.011600e+000;1.952305e-001;1.472290e-001;-2.668940e-001;1.156462e+000;4.262475e-001;-5.872011e-003;-1.277947e+000;7.417592e-002
151;1.509134;-1.009469e+001;-4.882842e+000;2.047491e+001;1.090592e+001;2.403524e+001;9.922109e+000;1.101313e+001;3.165491e+001;-1.466582e+000;2.045192e+001;3.254679e+001;1.711097e+001;-1.345145e+001;-4.088543e-001;6.823742e-001;-1.272590e+000;3.057936e+000;3.010379e+000;1.413441e+000;-2.704248e+000;-3.389709e+000;-2.847879e+000;-2.808348e-001;2.980789e-001;-2.429677e+000;-1.888041e-001;-6.124873e-001;-5.055591e-001;-1.454043e-001;-1.563158e+000;-4.468953e-001;-1.780572e-001;1.074502e+000;7.116920e-001;1.626289e+000;5.728740e-001;-1.225096e-001;-3.715578e-001;7.013613e-002
